Date;Product;Delivery Period;Price (EUR/MWh);Volume (MW)
2026-03-09;QH 93;23:00 - 23:15;149.1;0.0
2026-03-09;QH 94;23:15 - 23:30;139.12;0.0
2026-03-09;QH 95;23:30 - 23:45;136.02;0.0
2026-03-09;QH 96;23:45 - 00:00;130.08;0.0
2026-03-10;QH 1;00:00 - 00:15;135.62;0.0
2026-03-10;QH 2;00:15 - 00:30;129.99;0.0
2026-03-10;QH 3;00:30 - 00:45;128.35;0.0
2026-03-10;QH 4;00:45 - 01:00;127.8;0.0
2026-03-10;QH 5;01:00 - 01:15;128.87;0.0
2026-03-10;QH 6;01:15 - 01:30;127.96;0.0
2026-03-10;QH 7;01:30 - 01:45;127.79;0.0
2026-03-10;QH 8;01:45 - 02:00;125.83;0.0
2026-03-10;QH 9;02:00 - 02:15;125.55;0.0
2026-03-10;QH 10;02:15 - 02:30;125.26;0.0
2026-03-10;QH 11;02:30 - 02:45;126.81;0.0
2026-03-10;QH 12;02:45 - 03:00;129.98;0.0
2026-03-10;QH 13;03:00 - 03:15;122.94;0.0
2026-03-10;QH 14;03:15 - 03:30;125.34;0.0
2026-03-10;QH 15;03:30 - 03:45;130.62;0.0
2026-03-10;QH 16;03:45 - 04:00;135.03;0.0
2026-03-10;QH 17;04:00 - 04:15;126.27;0.0
2026-03-10;QH 18;04:15 - 04:30;133.59;0.0
2026-03-10;QH 19;04:30 - 04:45;142.94;0.0
2026-03-10;QH 20;04:45 - 05:00;160.04;0.0
2026-03-10;QH 21;05:00 - 05:15;140.01;0.0
2026-03-10;QH 22;05:15 - 05:30;166.09;0.0
2026-03-10;QH 23;05:30 - 05:45;174.62;0.0
2026-03-10;QH 24;05:45 - 06:00;191.69;0.0
2026-03-10;QH 25;06:00 - 06:15;193.99;0.0
2026-03-10;QH 26;06:15 - 06:30;199.92;0.0
2026-03-10;QH 27;06:30 - 06:45;174.03;0.0
2026-03-10;QH 28;06:45 - 07:00;152.74;0.0
2026-03-10;QH 29;07:00 - 07:15;227.58;0.0
2026-03-10;QH 30;07:15 - 07:30;176.38;0.0
2026-03-10;QH 31;07:30 - 07:45;154.99;0.0
2026-03-10;QH 32;07:45 - 08:00;134.33;0.0
2026-03-10;QH 33;08:00 - 08:15;176.52;0.0
2026-03-10;QH 34;08:15 - 08:30;141.8;0.0
2026-03-10;QH 35;08:30 - 08:45;128.18;0.0
2026-03-10;QH 36;08:45 - 09:00;115.65;0.0
2026-03-10;QH 37;09:00 - 09:15;145.14;0.0
2026-03-10;QH 38;09:15 - 09:30;112.23;0.0
2026-03-10;QH 39;09:30 - 09:45;112.01;0.0
2026-03-10;QH 40;09:45 - 10:00;103.62;0.0
2026-03-10;QH 41;10:00 - 10:15;117.37;0.0
2026-03-10;QH 42;10:15 - 10:30;106.73;0.0
2026-03-10;QH 43;10:30 - 10:45;98.7;0.0
2026-03-10;QH 44;10:45 - 11:00;92.37;0.0
2026-03-10;QH 45;11:00 - 11:15;96.54;0.0
2026-03-10;QH 46;11:15 - 11:30;90.57;0.0
2026-03-10;QH 47;11:30 - 11:45;87.66;0.0
2026-03-10;QH 48;11:45 - 12:00;90.99;0.0
2026-03-10;QH 49;12:00 - 12:15;93.88;0.0
2026-03-10;QH 50;12:15 - 12:30;94.51;0.0
2026-03-10;QH 51;12:30 - 12:45;98.63;0.0
2026-03-10;QH 52;12:45 - 13:00;101.13;0.0
2026-03-10;QH 53;13:00 - 13:15;101.99;0.0
2026-03-10;QH 54;13:15 - 13:30;104.11;0.0
2026-03-10;QH 55;13:30 - 13:45;103.92;0.0
2026-03-10;QH 56;13:45 - 14:00;118.64;0.0
2026-03-10;QH 57;14:00 - 14:15;109.75;0.0
2026-03-10;QH 58;14:15 - 14:30;109.27;0.0
2026-03-10;QH 59;14:30 - 14:45;116.27;0.0
2026-03-10;QH 60;14:45 - 15:00;150.68;0.0
2026-03-10;QH 61;15:00 - 15:15;107.36;0.0
2026-03-10;QH 62;15:15 - 15:30;136.35;0.0
2026-03-10;QH 63;15:30 - 15:45;154.15;0.0
2026-03-10;QH 64;15:45 - 16:00;179.71;0.0
2026-03-10;QH 65;16:00 - 16:15;132.15;0.0
2026-03-10;QH 66;16:15 - 16:30;158.79;0.0
2026-03-10;QH 67;16:30 - 16:45;189.5;0.0
2026-03-10;QH 68;16:45 - 17:00;235.57;0.0
2026-03-10;QH 69;17:00 - 17:15;201.56;0.0
2026-03-10;QH 70;17:15 - 17:30;224.35;0.0
2026-03-10;QH 71;17:30 - 17:45;229.88;0.0
2026-03-10;QH 72;17:45 - 18:00;217.12;0.0
2026-03-10;QH 73;18:00 - 18:15;237.15;0.0
2026-03-10;QH 74;18:15 - 18:30;205.31;0.0
2026-03-10;QH 75;18:30 - 18:45;195.06;0.0
2026-03-10;QH 76;18:45 - 19:00;167.0;0.0
2026-03-10;QH 77;19:00 - 19:15;175.58;0.0
2026-03-10;QH 78;19:15 - 19:30;161.86;0.0
2026-03-10;QH 79;19:30 - 19:45;149.87;0.0
2026-03-10;QH 80;19:45 - 20:00;150.88;0.0
2026-03-10;QH 81;20:00 - 20:15;154.35;0.0
2026-03-10;QH 82;20:15 - 20:30;149.55;0.0
2026-03-10;QH 83;20:30 - 20:45;138.39;0.0
2026-03-10;QH 84;20:45 - 21:00;117.58;0.0
2026-03-10;QH 85;21:00 - 21:15;139.81;0.0
2026-03-10;QH 86;21:15 - 21:30;129.32;0.0
2026-03-10;QH 87;21:30 - 21:45;118.78;0.0
2026-03-10;QH 88;21:45 - 22:00;105.11;0.0
2026-03-10;QH 89;22:00 - 22:15;120.0;0.0
2026-03-10;QH 90;22:15 - 22:30;102.14;0.0
2026-03-10;QH 91;22:30 - 22:45;95.29;0.0
2026-03-10;QH 92;22:45 - 23:00;76.9;0.0
2026-03-10;QH 93;23:00 - 23:15;92.02;0.0
2026-03-10;QH 94;23:15 - 23:30;88.96;0.0
2026-03-10;QH 95;23:30 - 23:45;84.57;0.0
2026-03-10;QH 96;23:45 - 00:00;70.28;0.0
2026-03-11;QH 1;00:00 - 00:15;80.74;0.0
2026-03-11;QH 2;00:15 - 00:30;73.2;0.0
2026-03-11;QH 3;00:30 - 00:45;68.7;0.0
2026-03-11;QH 4;00:45 - 01:00;60.58;0.0
2026-03-11;QH 5;01:00 - 01:15;68.38;0.0
2026-03-11;QH 6;01:15 - 01:30;66.97;0.0
2026-03-11;QH 7;01:30 - 01:45;64.0;0.0
2026-03-11;QH 8;01:45 - 02:00;62.35;0.0
2026-03-11;QH 9;02:00 - 02:15;65.4;0.0
2026-03-11;QH 10;02:15 - 02:30;65.41;0.0
2026-03-11;QH 11;02:30 - 02:45;62.91;0.0
2026-03-11;QH 12;02:45 - 03:00;60.57;0.0
2026-03-11;QH 13;03:00 - 03:15;57.48;0.0
2026-03-11;QH 14;03:15 - 03:30;52.9;0.0
2026-03-11;QH 15;03:30 - 03:45;53.51;0.0
2026-03-11;QH 16;03:45 - 04:00;60.4;0.0
2026-03-11;QH 17;04:00 - 04:15;59.0;0.0
2026-03-11;QH 18;04:15 - 04:30;58.41;0.0
2026-03-11;QH 19;04:30 - 04:45;66.42;0.0
2026-03-11;QH 20;04:45 - 05:00;74.31;0.0
2026-03-11;QH 21;05:00 - 05:15;56.34;0.0
2026-03-11;QH 22;05:15 - 05:30;69.1;0.0
2026-03-11;QH 23;05:30 - 05:45;82.02;0.0
2026-03-11;QH 24;05:45 - 06:00;76.01;0.0
2026-03-11;QH 25;06:00 - 06:15;91.73;0.0
2026-03-11;QH 26;06:15 - 06:30;86.81;0.0
2026-03-11;QH 27;06:30 - 06:45;81.9;0.0
2026-03-11;QH 28;06:45 - 07:00;63.04;0.0
2026-03-11;QH 29;07:00 - 07:15;89.85;0.0
2026-03-11;QH 30;07:15 - 07:30;78.7;0.0
2026-03-11;QH 31;07:30 - 07:45;74.46;0.0
2026-03-11;QH 32;07:45 - 08:00;59.0;0.0
2026-03-11;QH 33;08:00 - 08:15;81.15;0.0
2026-03-11;QH 34;08:15 - 08:30;69.91;0.0
2026-03-11;QH 35;08:30 - 08:45;56.49;0.0
2026-03-11;QH 36;08:45 - 09:00;24.23;0.0
2026-03-11;QH 37;09:00 - 09:15;56.03;0.0
2026-03-11;QH 38;09:15 - 09:30;35.0;0.0
2026-03-11;QH 39;09:30 - 09:45;13.78;0.0
2026-03-11;QH 40;09:45 - 10:00;0.1;0.0
2026-03-11;QH 41;10:00 - 10:15;23.8;0.0
2026-03-11;QH 42;10:15 - 10:30;11.82;0.0
2026-03-11;QH 43;10:30 - 10:45;8.26;0.0
2026-03-11;QH 44;10:45 - 11:00;4.91;0.0
2026-03-11;QH 45;11:00 - 11:15;7.08;0.0
2026-03-11;QH 46;11:15 - 11:30;10.04;0.0
2026-03-11;QH 47;11:30 - 11:45;10.1;0.0
2026-03-11;QH 48;11:45 - 12:00;12.43;0.0
2026-03-11;QH 49;12:00 - 12:15;4.04;0.0
2026-03-11;QH 50;12:15 - 12:30;10.69;0.0
2026-03-11;QH 51;12:30 - 12:45;20.0;0.0
2026-03-11;QH 52;12:45 - 13:00;29.82;0.0
2026-03-11;QH 53;13:00 - 13:15;24.32;0.0
2026-03-11;QH 54;13:15 - 13:30;33.96;0.0
2026-03-11;QH 55;13:30 - 13:45;50.81;0.0
2026-03-11;QH 56;13:45 - 14:00;80.0;0.0
2026-03-11;QH 57;14:00 - 14:15;52.36;0.0
2026-03-11;QH 58;14:15 - 14:30;73.68;0.0
2026-03-11;QH 59;14:30 - 14:45;85.7;0.0
2026-03-11;QH 60;14:45 - 15:00;105.58;0.0
2026-03-11;QH 61;15:00 - 15:15;69.92;0.0
2026-03-11;QH 62;15:15 - 15:30;100.77;0.0
2026-03-11;QH 63;15:30 - 15:45;118.19;0.0
2026-03-11;QH 64;15:45 - 16:00;127.54;0.0
2026-03-11;QH 65;16:00 - 16:15;105.32;0.0
2026-03-11;QH 66;16:15 - 16:30;125.99;0.0
2026-03-11;QH 67;16:30 - 16:45;130.52;0.0
2026-03-11;QH 68;16:45 - 17:00;153.28;0.0
2026-03-11;QH 69;17:00 - 17:15;138.05;0.0
2026-03-11;QH 70;17:15 - 17:30;147.61;0.0
2026-03-11;QH 71;17:30 - 17:45;157.62;0.0
2026-03-11;QH 72;17:45 - 18:00;169.27;0.0
2026-03-11;QH 73;18:00 - 18:15;154.87;0.0
2026-03-11;QH 74;18:15 - 18:30;159.66;0.0
2026-03-11;QH 75;18:30 - 18:45;159.56;0.0
2026-03-11;QH 76;18:45 - 19:00;152.79;0.0
2026-03-11;QH 77;19:00 - 19:15;149.51;0.0
2026-03-11;QH 78;19:15 - 19:30;136.0;0.0
2026-03-11;QH 79;19:30 - 19:45;122.68;0.0
2026-03-11;QH 80;19:45 - 20:00;120.57;0.0
2026-03-11;QH 81;20:00 - 20:15;132.19;0.0
2026-03-11;QH 82;20:15 - 20:30;123.92;0.0
2026-03-11;QH 83;20:30 - 20:45;118.83;0.0
2026-03-11;QH 84;20:45 - 21:00;117.17;0.0
2026-03-11;QH 85;21:00 - 21:15;124.73;0.0
2026-03-11;QH 86;21:15 - 21:30;120.26;0.0
2026-03-11;QH 87;21:30 - 21:45;120.18;0.0
2026-03-11;QH 88;21:45 - 22:00;112.04;0.0
2026-03-11;QH 89;22:00 - 22:15;121.63;0.0
2026-03-11;QH 90;22:15 - 22:30;102.41;0.0
2026-03-11;QH 91;22:30 - 22:45;99.99;0.0
2026-03-11;QH 92;22:45 - 23:00;91.98;0.0
2026-03-11;QH 93;23:00 - 23:15;110.37;0.0
2026-03-11;QH 94;23:15 - 23:30;101.8;0.0
2026-03-11;QH 95;23:30 - 23:45;98.44;0.0
2026-03-11;QH 96;23:45 - 00:00;90.13;0.0
2026-03-12;QH 1;00:00 - 00:15;99.67;0.0
2026-03-12;QH 2;00:15 - 00:30;89.98;0.0
2026-03-12;QH 3;00:30 - 00:45;90.44;0.0
2026-03-12;QH 4;00:45 - 01:00;88.08;0.0
2026-03-12;QH 5;01:00 - 01:15;89.82;0.0
2026-03-12;QH 6;01:15 - 01:30;86.43;0.0
2026-03-12;QH 7;01:30 - 01:45;89.09;0.0
2026-03-12;QH 8;01:45 - 02:00;89.91;0.0
2026-03-12;QH 9;02:00 - 02:15;91.21;0.0
2026-03-12;QH 10;02:15 - 02:30;89.89;0.0
2026-03-12;QH 11;02:30 - 02:45;87.4;0.0
2026-03-12;QH 12;02:45 - 03:00;85.94;0.0
2026-03-12;QH 13;03:00 - 03:15;92.93;0.0
2026-03-12;QH 14;03:15 - 03:30;88.49;0.0
2026-03-12;QH 15;03:30 - 03:45;88.5;0.0
2026-03-12;QH 16;03:45 - 04:00;88.73;0.0
2026-03-12;QH 17;04:00 - 04:15;91.27;0.0
2026-03-12;QH 18;04:15 - 04:30;88.5;0.0
2026-03-12;QH 19;04:30 - 04:45;101.06;0.0
2026-03-12;QH 20;04:45 - 05:00;118.46;0.0
2026-03-12;QH 21;05:00 - 05:15;109.44;0.0
2026-03-12;QH 22;05:15 - 05:30;126.31;0.0
2026-03-12;QH 23;05:30 - 05:45;139.66;0.0
2026-03-12;QH 24;05:45 - 06:00;147.26;0.0
2026-03-12;QH 25;06:00 - 06:15;151.64;0.0
2026-03-12;QH 26;06:15 - 06:30;143.11;0.0
2026-03-12;QH 27;06:30 - 06:45;139.45;0.0
2026-03-12;QH 28;06:45 - 07:00;114.36;0.0
2026-03-12;QH 29;07:00 - 07:15;134.43;0.0
2026-03-12;QH 30;07:15 - 07:30;109.44;0.0
2026-03-12;QH 31;07:30 - 07:45;101.0;0.0
2026-03-12;QH 32;07:45 - 08:00;74.35;0.0
2026-03-12;QH 33;08:00 - 08:15;115.21;0.0
2026-03-12;QH 34;08:15 - 08:30;88.88;0.0
2026-03-12;QH 35;08:30 - 08:45;65.91;0.0
2026-03-12;QH 36;08:45 - 09:00;49.99;0.0
2026-03-12;QH 37;09:00 - 09:15;73.06;0.0
2026-03-12;QH 38;09:15 - 09:30;29.86;0.0
2026-03-12;QH 39;09:30 - 09:45;8.86;0.0
2026-03-12;QH 40;09:45 - 10:00;2.12;0.0
2026-03-12;QH 41;10:00 - 10:15;2.33;0.0
2026-03-12;QH 42;10:15 - 10:30;0.0;0.0
2026-03-12;QH 43;10:30 - 10:45;-0.04;0.0
2026-03-12;QH 44;10:45 - 11:00;-0.92;0.0
2026-03-12;QH 45;11:00 - 11:15;-0.61;0.0
2026-03-12;QH 46;11:15 - 11:30;-1.0;0.0
2026-03-12;QH 47;11:30 - 11:45;-1.09;0.0
2026-03-12;QH 48;11:45 - 12:00;-1.67;0.0
2026-03-12;QH 49;12:00 - 12:15;-1.83;0.0
2026-03-12;QH 50;12:15 - 12:30;-2.2;0.0
2026-03-12;QH 51;12:30 - 12:45;-2.94;0.0
2026-03-12;QH 52;12:45 - 13:00;-3.0;0.0
2026-03-12;QH 53;13:00 - 13:15;-1.72;0.0
2026-03-12;QH 54;13:15 - 13:30;-1.32;0.0
2026-03-12;QH 55;13:30 - 13:45;-0.56;0.0
2026-03-12;QH 56;13:45 - 14:00;-0.01;0.0
2026-03-12;QH 57;14:00 - 14:15;0.0;0.0
2026-03-12;QH 58;14:15 - 14:30;0.1;0.0
2026-03-12;QH 59;14:30 - 14:45;4.01;0.0
2026-03-12;QH 60;14:45 - 15:00;10.29;0.0
2026-03-12;QH 61;15:00 - 15:15;10.03;0.0
2026-03-12;QH 62;15:15 - 15:30;35.6;0.0
2026-03-12;QH 63;15:30 - 15:45;62.0;0.0
2026-03-12;QH 64;15:45 - 16:00;97.03;0.0
2026-03-12;QH 65;16:00 - 16:15;67.62;0.0
2026-03-12;QH 66;16:15 - 16:30;93.35;0.0
2026-03-12;QH 67;16:30 - 16:45;109.01;0.0
2026-03-12;QH 68;16:45 - 17:00;164.33;0.0
2026-03-12;QH 69;17:00 - 17:15;120.33;0.0
2026-03-12;QH 70;17:15 - 17:30;117.67;0.0
2026-03-12;QH 71;17:30 - 17:45;110.97;0.0
2026-03-12;QH 72;17:45 - 18:00;110.49;0.0
2026-03-12;QH 73;18:00 - 18:15;119.65;0.0
2026-03-12;QH 74;18:15 - 18:30;110.62;0.0
2026-03-12;QH 75;18:30 - 18:45;99.81;0.0
2026-03-12;QH 76;18:45 - 19:00;93.91;0.0
2026-03-12;QH 77;19:00 - 19:15;97.66;0.0
2026-03-12;QH 78;19:15 - 19:30;86.91;0.0
2026-03-12;QH 79;19:30 - 19:45;81.83;0.0
2026-03-12;QH 80;19:45 - 20:00;79.88;0.0
2026-03-12;QH 81;20:00 - 20:15;78.54;0.0
2026-03-12;QH 82;20:15 - 20:30;79.31;0.0
2026-03-12;QH 83;20:30 - 20:45;68.28;0.0
2026-03-12;QH 84;20:45 - 21:00;53.03;0.0
2026-03-12;QH 85;21:00 - 21:15;83.08;0.0
2026-03-12;QH 86;21:15 - 21:30;67.31;0.0
2026-03-12;QH 87;21:30 - 21:45;59.97;0.0
2026-03-12;QH 88;21:45 - 22:00;39.86;0.0
2026-03-12;QH 89;22:00 - 22:15;24.2;0.0
2026-03-12;QH 90;22:15 - 22:30;19.88;0.0
2026-03-12;QH 91;22:30 - 22:45;17.43;0.0
2026-03-12;QH 92;22:45 - 23:00;10.1;0.0
2026-03-12;QH 93;23:00 - 23:15;9.43;0.0
2026-03-12;QH 94;23:15 - 23:30;8.87;0.0
2026-03-12;QH 95;23:30 - 23:45;4.28;0.0
2026-03-12;QH 96;23:45 - 00:00;2.58;0.0
2026-03-13;QH 1;00:00 - 00:15;6.7;0.0
2026-03-13;QH 2;00:15 - 00:30;3.58;0.0
2026-03-13;QH 3;00:30 - 00:45;2.55;0.0
2026-03-13;QH 4;00:45 - 01:00;3.58;0.0
2026-03-13;QH 5;01:00 - 01:15;4.67;0.0
2026-03-13;QH 6;01:15 - 01:30;2.4;0.0
2026-03-13;QH 7;01:30 - 01:45;2.32;0.0
2026-03-13;QH 8;01:45 - 02:00;2.16;0.0
2026-03-13;QH 9;02:00 - 02:15;2.33;0.0
2026-03-13;QH 10;02:15 - 02:30;1.62;0.0
2026-03-13;QH 11;02:30 - 02:45;0.54;0.0
2026-03-13;QH 12;02:45 - 03:00;0.1;0.0
2026-03-13;QH 13;03:00 - 03:15;1.59;0.0
2026-03-13;QH 14;03:15 - 03:30;1.0;0.0
2026-03-13;QH 15;03:30 - 03:45;1.6;0.0
2026-03-13;QH 16;03:45 - 04:00;1.65;0.0
2026-03-13;QH 17;04:00 - 04:15;1.61;0.0
2026-03-13;QH 18;04:15 - 04:30;1.63;0.0
2026-03-13;QH 19;04:30 - 04:45;4.09;0.0
2026-03-13;QH 20;04:45 - 05:00;4.3;0.0
2026-03-13;QH 21;05:00 - 05:15;4.28;0.0
2026-03-13;QH 22;05:15 - 05:30;9.46;0.0
2026-03-13;QH 23;05:30 - 05:45;10.03;0.0
2026-03-13;QH 24;05:45 - 06:00;10.07;0.0
2026-03-13;QH 25;06:00 - 06:15;21.61;0.0
2026-03-13;QH 26;06:15 - 06:30;24.24;0.0
2026-03-13;QH 27;06:30 - 06:45;21.49;0.0
2026-03-13;QH 28;06:45 - 07:00;12.41;0.0
2026-03-13;QH 29;07:00 - 07:15;17.16;0.0
2026-03-13;QH 30;07:15 - 07:30;4.99;0.0
2026-03-13;QH 31;07:30 - 07:45;3.51;0.0
2026-03-13;QH 32;07:45 - 08:00;0.0;0.0
2026-03-13;QH 33;08:00 - 08:15;0.1;0.0
2026-03-13;QH 34;08:15 - 08:30;-0.01;0.0
2026-03-13;QH 35;08:30 - 08:45;-0.04;0.0
2026-03-13;QH 36;08:45 - 09:00;-1.01;0.0
2026-03-13;QH 37;09:00 - 09:15;-2.0;0.0
2026-03-13;QH 38;09:15 - 09:30;-4.58;0.0
2026-03-13;QH 39;09:30 - 09:45;-5.13;0.0
2026-03-13;QH 40;09:45 - 10:00;-8.28;0.0
2026-03-13;QH 41;10:00 - 10:15;-8.13;0.0
2026-03-13;QH 42;10:15 - 10:30;-8.19;0.0
2026-03-13;QH 43;10:30 - 10:45;-9.91;0.0
2026-03-13;QH 44;10:45 - 11:00;-9.77;0.0
2026-03-13;QH 45;11:00 - 11:15;-9.92;0.0
2026-03-13;QH 46;11:15 - 11:30;-9.37;0.0
2026-03-13;QH 47;11:30 - 11:45;-7.32;0.0
2026-03-13;QH 48;11:45 - 12:00;-6.78;0.0
2026-03-13;QH 49;12:00 - 12:15;-4.61;0.0
2026-03-13;QH 50;12:15 - 12:30;-2.72;0.0
2026-03-13;QH 51;12:30 - 12:45;-1.88;0.0
2026-03-13;QH 52;12:45 - 13:00;-1.0;0.0
2026-03-13;QH 53;13:00 - 13:15;-0.92;0.0
2026-03-13;QH 54;13:15 - 13:30;-0.01;0.0
2026-03-13;QH 55;13:30 - 13:45;0.01;0.0
2026-03-13;QH 56;13:45 - 14:00;5.61;0.0
2026-03-13;QH 57;14:00 - 14:15;4.5;0.0
2026-03-13;QH 58;14:15 - 14:30;13.38;0.0
2026-03-13;QH 59;14:30 - 14:45;53.6;0.0
2026-03-13;QH 60;14:45 - 15:00;116.8;0.0
2026-03-13;QH 61;15:00 - 15:15;41.59;0.0
2026-03-13;QH 62;15:15 - 15:30;85.68;0.0
2026-03-13;QH 63;15:30 - 15:45;127.6;0.0
2026-03-13;QH 64;15:45 - 16:00;150.37;0.0
2026-03-13;QH 65;16:00 - 16:15;115.04;0.0
2026-03-13;QH 66;16:15 - 16:30;131.01;0.0
2026-03-13;QH 67;16:30 - 16:45;151.01;0.0
2026-03-13;QH 68;16:45 - 17:00;170.66;0.0
2026-03-13;QH 69;17:00 - 17:15;136.42;0.0
2026-03-13;QH 70;17:15 - 17:30;155.37;0.0
2026-03-13;QH 71;17:30 - 17:45;169.18;0.0
2026-03-13;QH 72;17:45 - 18:00;185.0;0.0
2026-03-13;QH 73;18:00 - 18:15;175.66;0.0
2026-03-13;QH 74;18:15 - 18:30;172.98;0.0
2026-03-13;QH 75;18:30 - 18:45;165.34;0.0
2026-03-13;QH 76;18:45 - 19:00;149.0;0.0
2026-03-13;QH 77;19:00 - 19:15;164.09;0.0
2026-03-13;QH 78;19:15 - 19:30;151.0;0.0
2026-03-13;QH 79;19:30 - 19:45;138.37;0.0
2026-03-13;QH 80;19:45 - 20:00;129.43;0.0
2026-03-13;QH 81;20:00 - 20:15;145.64;0.0
2026-03-13;QH 82;20:15 - 20:30;135.4;0.0
2026-03-13;QH 83;20:30 - 20:45;124.2;0.0
2026-03-13;QH 84;20:45 - 21:00;116.1;0.0
2026-03-13;QH 85;21:00 - 21:15;131.67;0.0
2026-03-13;QH 86;21:15 - 21:30;120.67;0.0
2026-03-13;QH 87;21:30 - 21:45;124.5;0.0
2026-03-13;QH 88;21:45 - 22:00;116.85;0.0
2026-03-13;QH 89;22:00 - 22:15;133.69;0.0
2026-03-13;QH 90;22:15 - 22:30;113.09;0.0
2026-03-13;QH 91;22:30 - 22:45;113.1;0.0
2026-03-13;QH 92;22:45 - 23:00;103.35;0.0
2026-03-13;QH 93;23:00 - 23:15;123.83;0.0
2026-03-13;QH 94;23:15 - 23:30;120.22;0.0
2026-03-13;QH 95;23:30 - 23:45;105.47;0.0
2026-03-13;QH 96;23:45 - 00:00;102.26;0.0
2026-03-14;QH 1;00:00 - 00:15;112.41;0.0
2026-03-14;QH 2;00:15 - 00:30;109.69;0.0
2026-03-14;QH 3;00:30 - 00:45;108.35;0.0
2026-03-14;QH 4;00:45 - 01:00;105.83;0.0
2026-03-14;QH 5;01:00 - 01:15;106.25;0.0
2026-03-14;QH 6;01:15 - 01:30;104.17;0.0
2026-03-14;QH 7;01:30 - 01:45;103.37;0.0
2026-03-14;QH 8;01:45 - 02:00;102.17;0.0
2026-03-14;QH 9;02:00 - 02:15;99.34;0.0
2026-03-14;QH 10;02:15 - 02:30;101.81;0.0
2026-03-14;QH 11;02:30 - 02:45;102.81;0.0
2026-03-14;QH 12;02:45 - 03:00;103.49;0.0
2026-03-14;QH 13;03:00 - 03:15;103.21;0.0
2026-03-14;QH 14;03:15 - 03:30;103.2;0.0
2026-03-14;QH 15;03:30 - 03:45;106.31;0.0
2026-03-14;QH 16;03:45 - 04:00;107.74;0.0
2026-03-14;QH 17;04:00 - 04:15;104.51;0.0
2026-03-14;QH 18;04:15 - 04:30;107.38;0.0
2026-03-14;QH 19;04:30 - 04:45;110.38;0.0
2026-03-14;QH 20;04:45 - 05:00;114.0;0.0
2026-03-14;QH 21;05:00 - 05:15;106.27;0.0
2026-03-14;QH 22;05:15 - 05:30;111.38;0.0
2026-03-14;QH 23;05:30 - 05:45;113.51;0.0
2026-03-14;QH 24;05:45 - 06:00;114.92;0.0
2026-03-14;QH 25;06:00 - 06:15;119.69;0.0
2026-03-14;QH 26;06:15 - 06:30;115.9;0.0
2026-03-14;QH 27;06:30 - 06:45;115.74;0.0
2026-03-14;QH 28;06:45 - 07:00;115.5;0.0
2026-03-14;QH 29;07:00 - 07:15;122.0;0.0
2026-03-14;QH 30;07:15 - 07:30;121.94;0.0
2026-03-14;QH 31;07:30 - 07:45;121.99;0.0
2026-03-14;QH 32;07:45 - 08:00;121.59;0.0
2026-03-14;QH 33;08:00 - 08:15;120.05;0.0
2026-03-14;QH 34;08:15 - 08:30;120.02;0.0
2026-03-14;QH 35;08:30 - 08:45;116.49;0.0
2026-03-14;QH 36;08:45 - 09:00;108.0;0.0
2026-03-14;QH 37;09:00 - 09:15;112.26;0.0
2026-03-14;QH 38;09:15 - 09:30;108.7;0.0
2026-03-14;QH 39;09:30 - 09:45;105.86;0.0
2026-03-14;QH 40;09:45 - 10:00;103.27;0.0
2026-03-14;QH 41;10:00 - 10:15;103.75;0.0
2026-03-14;QH 42;10:15 - 10:30;101.62;0.0
2026-03-14;QH 43;10:30 - 10:45;103.7;0.0
2026-03-14;QH 44;10:45 - 11:00;105.03;0.0
2026-03-14;QH 45;11:00 - 11:15;104.56;0.0
2026-03-14;QH 46;11:15 - 11:30;104.07;0.0
2026-03-14;QH 47;11:30 - 11:45;104.54;0.0
2026-03-14;QH 48;11:45 - 12:00;103.61;0.0
2026-03-14;QH 49;12:00 - 12:15;105.13;0.0
2026-03-14;QH 50;12:15 - 12:30;105.07;0.0
2026-03-14;QH 51;12:30 - 12:45;101.66;0.0
2026-03-14;QH 52;12:45 - 13:00;101.86;0.0
2026-03-14;QH 53;13:00 - 13:15;103.78;0.0
2026-03-14;QH 54;13:15 - 13:30;104.87;0.0
2026-03-14;QH 55;13:30 - 13:45;105.39;0.0
2026-03-14;QH 56;13:45 - 14:00;108.67;0.0
2026-03-14;QH 57;14:00 - 14:15;101.07;0.0
2026-03-14;QH 58;14:15 - 14:30;113.99;0.0
2026-03-14;QH 59;14:30 - 14:45;120.28;0.0
2026-03-14;QH 60;14:45 - 15:00;121.54;0.0
2026-03-14;QH 61;15:00 - 15:15;120.07;0.0
2026-03-14;QH 62;15:15 - 15:30;121.31;0.0
2026-03-14;QH 63;15:30 - 15:45;131.96;0.0
2026-03-14;QH 64;15:45 - 16:00;146.66;0.0
2026-03-14;QH 65;16:00 - 16:15;116.17;0.0
2026-03-14;QH 66;16:15 - 16:30;131.88;0.0
2026-03-14;QH 67;16:30 - 16:45;142.46;0.0
2026-03-14;QH 68;16:45 - 17:00;164.09;0.0
2026-03-14;QH 69;17:00 - 17:15;140.0;0.0
2026-03-14;QH 70;17:15 - 17:30;148.41;0.0
2026-03-14;QH 71;17:30 - 17:45;172.56;0.0
2026-03-14;QH 72;17:45 - 18:00;183.43;0.0
2026-03-14;QH 73;18:00 - 18:15;183.48;0.0
2026-03-14;QH 74;18:15 - 18:30;178.34;0.0
2026-03-14;QH 75;18:30 - 18:45;165.51;0.0
2026-03-14;QH 76;18:45 - 19:00;152.01;0.0
2026-03-14;QH 77;19:00 - 19:15;176.36;0.0
2026-03-14;QH 78;19:15 - 19:30;156.19;0.0
2026-03-14;QH 79;19:30 - 19:45;139.97;0.0
2026-03-14;QH 80;19:45 - 20:00;128.54;0.0
2026-03-14;QH 81;20:00 - 20:15;140.0;0.0
2026-03-14;QH 82;20:15 - 20:30;133.54;0.0
2026-03-14;QH 83;20:30 - 20:45;140.4;0.0
2026-03-14;QH 84;20:45 - 21:00;135.87;0.0
2026-03-14;QH 85;21:00 - 21:15;139.53;0.0
2026-03-14;QH 86;21:15 - 21:30;132.99;0.0
2026-03-14;QH 87;21:30 - 21:45;139.81;0.0
2026-03-14;QH 88;21:45 - 22:00;128.62;0.0
2026-03-14;QH 89;22:00 - 22:15;139.61;0.0
2026-03-14;QH 90;22:15 - 22:30;128.82;0.0
2026-03-14;QH 91;22:30 - 22:45;127.35;0.0
2026-03-14;QH 92;22:45 - 23:00;116.4;0.0
2026-03-14;QH 93;23:00 - 23:15;144.99;0.0
2026-03-14;QH 94;23:15 - 23:30;143.94;0.0
2026-03-14;QH 95;23:30 - 23:45;136.01;0.0
2026-03-14;QH 96;23:45 - 00:00;124.43;0.0
2026-03-15;QH 1;00:00 - 00:15;140.58;0.0
2026-03-15;QH 2;00:15 - 00:30;135.52;0.0
2026-03-15;QH 3;00:30 - 00:45;132.83;0.0
2026-03-15;QH 4;00:45 - 01:00;125.99;0.0
2026-03-15;QH 5;01:00 - 01:15;133.37;0.0
2026-03-15;QH 6;01:15 - 01:30;127.08;0.0
2026-03-15;QH 7;01:30 - 01:45;120.22;0.0
2026-03-15;QH 8;01:45 - 02:00;119.17;0.0
2026-03-15;QH 9;02:00 - 02:15;119.75;0.0
2026-03-15;QH 10;02:15 - 02:30;120.8;0.0
2026-03-15;QH 11;02:30 - 02:45;125.71;0.0
2026-03-15;QH 12;02:45 - 03:00;127.85;0.0
2026-03-15;QH 13;03:00 - 03:15;120.0;0.0
2026-03-15;QH 14;03:15 - 03:30;121.05;0.0
2026-03-15;QH 15;03:30 - 03:45;122.67;0.0
2026-03-15;QH 16;03:45 - 04:00;124.99;0.0
2026-03-15;QH 17;04:00 - 04:15;120.71;0.0
2026-03-15;QH 18;04:15 - 04:30;120.98;0.0
2026-03-15;QH 19;04:30 - 04:45;125.8;0.0
2026-03-15;QH 20;04:45 - 05:00;128.99;0.0
2026-03-15;QH 21;05:00 - 05:15;121.4;0.0
2026-03-15;QH 22;05:15 - 05:30;127.2;0.0
2026-03-15;QH 23;05:30 - 05:45;127.21;0.0
2026-03-15;QH 24;05:45 - 06:00;121.74;0.0
2026-03-15;QH 25;06:00 - 06:15;130.41;0.0
2026-03-15;QH 26;06:15 - 06:30;118.99;0.0
2026-03-15;QH 27;06:30 - 06:45;117.43;0.0
2026-03-15;QH 28;06:45 - 07:00;107.01;0.0
2026-03-15;QH 29;07:00 - 07:15;136.0;0.0
2026-03-15;QH 30;07:15 - 07:30;114.39;0.0
2026-03-15;QH 31;07:30 - 07:45;100.0;0.0
2026-03-15;QH 32;07:45 - 08:00;85.99;0.0
2026-03-15;QH 33;08:00 - 08:15;105.78;0.0
2026-03-15;QH 34;08:15 - 08:30;97.74;0.0
2026-03-15;QH 35;08:30 - 08:45;89.27;0.0
2026-03-15;QH 36;08:45 - 09:00;86.29;0.0
2026-03-15;QH 37;09:00 - 09:15;95.93;0.0
2026-03-15;QH 38;09:15 - 09:30;90.28;0.0
2026-03-15;QH 39;09:30 - 09:45;85.95;0.0
2026-03-15;QH 40;09:45 - 10:00;77.06;0.0
2026-03-15;QH 41;10:00 - 10:15;88.58;0.0
2026-03-15;QH 42;10:15 - 10:30;83.48;0.0
2026-03-15;QH 43;10:30 - 10:45;66.66;0.0
2026-03-15;QH 44;10:45 - 11:00;50.12;0.0
2026-03-15;QH 45;11:00 - 11:15;76.03;0.0
2026-03-15;QH 46;11:15 - 11:30;58.34;0.0
2026-03-15;QH 47;11:30 - 11:45;43.95;0.0
2026-03-15;QH 48;11:45 - 12:00;33.55;0.0
2026-03-15;QH 49;12:00 - 12:15;46.14;0.0
2026-03-15;QH 50;12:15 - 12:30;40.17;0.0
2026-03-15;QH 51;12:30 - 12:45;31.34;0.0
2026-03-15;QH 52;12:45 - 13:00;28.18;0.0
2026-03-15;QH 53;13:00 - 13:15;25.71;0.0
2026-03-15;QH 54;13:15 - 13:30;31.24;0.0
2026-03-15;QH 55;13:30 - 13:45;39.98;0.0
2026-03-15;QH 56;13:45 - 14:00;51.86;0.0
2026-03-15;QH 57;14:00 - 14:15;49.28;0.0
2026-03-15;QH 58;14:15 - 14:30;52.55;0.0
2026-03-15;QH 59;14:30 - 14:45;66.47;0.0
2026-03-15;QH 60;14:45 - 15:00;84.01;0.0
2026-03-15;QH 61;15:00 - 15:15;54.5;0.0
2026-03-15;QH 62;15:15 - 15:30;83.48;0.0
2026-03-15;QH 63;15:30 - 15:45;97.76;0.0
2026-03-15;QH 64;15:45 - 16:00;121.24;0.0
2026-03-15;QH 65;16:00 - 16:15;101.0;0.0
2026-03-15;QH 66;16:15 - 16:30;121.34;0.0
2026-03-15;QH 67;16:30 - 16:45;136.57;0.0
2026-03-15;QH 68;16:45 - 17:00;152.74;0.0
2026-03-15;QH 69;17:00 - 17:15;141.86;0.0
2026-03-15;QH 70;17:15 - 17:30;145.47;0.0
2026-03-15;QH 71;17:30 - 17:45;154.08;0.0
2026-03-15;QH 72;17:45 - 18:00;155.05;0.0
2026-03-15;QH 73;18:00 - 18:15;150.6;0.0
2026-03-15;QH 74;18:15 - 18:30;135.99;0.0
2026-03-15;QH 75;18:30 - 18:45;123.66;0.0
2026-03-15;QH 76;18:45 - 19:00;117.23;0.0
2026-03-15;QH 77;19:00 - 19:15;119.46;0.0
2026-03-15;QH 78;19:15 - 19:30;113.76;0.0
2026-03-15;QH 79;19:30 - 19:45;110.32;0.0
2026-03-15;QH 80;19:45 - 20:00;90.39;0.0
2026-03-15;QH 81;20:00 - 20:15;108.22;0.0
2026-03-15;QH 82;20:15 - 20:30;90.13;0.0
2026-03-15;QH 83;20:30 - 20:45;91.68;0.0
2026-03-15;QH 84;20:45 - 21:00;77.47;0.0
2026-03-15;QH 85;21:00 - 21:15;90.05;0.0
2026-03-15;QH 86;21:15 - 21:30;89.66;0.0
2026-03-15;QH 87;21:30 - 21:45;80.33;0.0
2026-03-15;QH 88;21:45 - 22:00;71.41;0.0
2026-03-15;QH 89;22:00 - 22:15;83.8;0.0
2026-03-15;QH 90;22:15 - 22:30;68.35;0.0
2026-03-15;QH 91;22:30 - 22:45;62.77;0.0
2026-03-15;QH 92;22:45 - 23:00;41.14;0.0
2026-03-15;QH 93;23:00 - 23:15;59.87;0.0
2026-03-15;QH 94;23:15 - 23:30;42.69;0.0
2026-03-15;QH 95;23:30 - 23:45;21.62;0.0
2026-03-15;QH 96;23:45 - 00:00;12.48;0.0
2026-03-16;QH 1;00:00 - 00:15;36.12;0.0
2026-03-16;QH 2;00:15 - 00:30;23.33;0.0
2026-03-16;QH 3;00:30 - 00:45;16.91;0.0
2026-03-16;QH 4;00:45 - 01:00;16.95;0.0
2026-03-16;QH 5;01:00 - 01:15;24.5;0.0
2026-03-16;QH 6;01:15 - 01:30;18.43;0.0
2026-03-16;QH 7;01:30 - 01:45;15.5;0.0
2026-03-16;QH 8;01:45 - 02:00;11.93;0.0
2026-03-16;QH 9;02:00 - 02:15;13.07;0.0
2026-03-16;QH 10;02:15 - 02:30;11.48;0.0
2026-03-16;QH 11;02:30 - 02:45;15.01;0.0
2026-03-16;QH 12;02:45 - 03:00;16.99;0.0
2026-03-16;QH 13;03:00 - 03:15;12.43;0.0
2026-03-16;QH 14;03:15 - 03:30;16.95;0.0
2026-03-16;QH 15;03:30 - 03:45;22.02;0.0
2026-03-16;QH 16;03:45 - 04:00;28.83;0.0
2026-03-16;QH 17;04:00 - 04:15;20.06;0.0
2026-03-16;QH 18;04:15 - 04:30;30.11;0.0
2026-03-16;QH 19;04:30 - 04:45;39.52;0.0
2026-03-16;QH 20;04:45 - 05:00;60.02;0.0
2026-03-16;QH 21;05:00 - 05:15;36.73;0.0
2026-03-16;QH 22;05:15 - 05:30;62.31;0.0
2026-03-16;QH 23;05:30 - 05:45;81.71;0.0
2026-03-16;QH 24;05:45 - 06:00;84.01;0.0
2026-03-16;QH 25;06:00 - 06:15;98.03;0.0
2026-03-16;QH 26;06:15 - 06:30;96.24;0.0
2026-03-16;QH 27;06:30 - 06:45;96.63;0.0
2026-03-16;QH 28;06:45 - 07:00;91.37;0.0
2026-03-16;QH 29;07:00 - 07:15;117.85;0.0
2026-03-16;QH 30;07:15 - 07:30;99.82;0.0
2026-03-16;QH 31;07:30 - 07:45;89.39;0.0
2026-03-16;QH 32;07:45 - 08:00;76.85;0.0
2026-03-16;QH 33;08:00 - 08:15;99.64;0.0
2026-03-16;QH 34;08:15 - 08:30;82.83;0.0
2026-03-16;QH 35;08:30 - 08:45;64.24;0.0
2026-03-16;QH 36;08:45 - 09:00;45.71;0.0
2026-03-16;QH 37;09:00 - 09:15;62.47;0.0
2026-03-16;QH 38;09:15 - 09:30;52.06;0.0
2026-03-16;QH 39;09:30 - 09:45;35.88;0.0
2026-03-16;QH 40;09:45 - 10:00;19.97;0.0
2026-03-16;QH 41;10:00 - 10:15;22.52;0.0
2026-03-16;QH 42;10:15 - 10:30;15.62;0.0
2026-03-16;QH 43;10:30 - 10:45;14.36;0.0
2026-03-16;QH 44;10:45 - 11:00;16.96;0.0
2026-03-16;QH 45;11:00 - 11:15;15.08;0.0
2026-03-16;QH 46;11:15 - 11:30;11.15;0.0
2026-03-16;QH 47;11:30 - 11:45;11.86;0.0
2026-03-16;QH 48;11:45 - 12:00;10.05;0.0
2026-03-16;QH 49;12:00 - 12:15;10.05;0.0
2026-03-16;QH 50;12:15 - 12:30;10.87;0.0
2026-03-16;QH 51;12:30 - 12:45;17.0;0.0
2026-03-16;QH 52;12:45 - 13:00;25.6;0.0
2026-03-16;QH 53;13:00 - 13:15;18.44;0.0
2026-03-16;QH 54;13:15 - 13:30;31.06;0.0
2026-03-16;QH 55;13:30 - 13:45;56.27;0.0
2026-03-16;QH 56;13:45 - 14:00;62.92;0.0
2026-03-16;QH 57;14:00 - 14:15;29.17;0.0
2026-03-16;QH 58;14:15 - 14:30;40.76;0.0
2026-03-16;QH 59;14:30 - 14:45;75.0;0.0
2026-03-16;QH 60;14:45 - 15:00;112.85;0.0
2026-03-16;QH 61;15:00 - 15:15;53.72;0.0
2026-03-16;QH 62;15:15 - 15:30;87.99;0.0
2026-03-16;QH 63;15:30 - 15:45;130.87;0.0
2026-03-16;QH 64;15:45 - 16:00;152.26;0.0
2026-03-16;QH 65;16:00 - 16:15;98.51;0.0
2026-03-16;QH 66;16:15 - 16:30;127.53;0.0
2026-03-16;QH 67;16:30 - 16:45;148.6;0.0
2026-03-16;QH 68;16:45 - 17:00;179.77;0.0
2026-03-16;QH 69;17:00 - 17:15;145.0;0.0
2026-03-16;QH 70;17:15 - 17:30;157.17;0.0
2026-03-16;QH 71;17:30 - 17:45;173.43;0.0
2026-03-16;QH 72;17:45 - 18:00;184.54;0.0
2026-03-16;QH 73;18:00 - 18:15;179.72;0.0
2026-03-16;QH 74;18:15 - 18:30;179.92;0.0
2026-03-16;QH 75;18:30 - 18:45;179.97;0.0
2026-03-16;QH 76;18:45 - 19:00;179.94;0.0
2026-03-16;QH 77;19:00 - 19:15;182.64;0.0
2026-03-16;QH 78;19:15 - 19:30;163.16;0.0
2026-03-16;QH 79;19:30 - 19:45;143.41;0.0
2026-03-16;QH 80;19:45 - 20:00;129.93;0.0
2026-03-16;QH 81;20:00 - 20:15;142.36;0.0
2026-03-16;QH 82;20:15 - 20:30;128.29;0.0
2026-03-16;QH 83;20:30 - 20:45;120.54;0.0
2026-03-16;QH 84;20:45 - 21:00;111.66;0.0
2026-03-16;QH 85;21:00 - 21:15;130.38;0.0
2026-03-16;QH 86;21:15 - 21:30;124.2;0.0
2026-03-16;QH 87;21:30 - 21:45;123.82;0.0
2026-03-16;QH 88;21:45 - 22:00;109.25;0.0
2026-03-16;QH 89;22:00 - 22:15;111.67;0.0
2026-03-16;QH 90;22:15 - 22:30;103.31;0.0
2026-03-16;QH 91;22:30 - 22:45;95.0;0.0
2026-03-16;QH 92;22:45 - 23:00;89.08;0.0
2026-03-16;QH 93;23:00 - 23:15;132.74;0.0
2026-03-16;QH 94;23:15 - 23:30;113.4;0.0
2026-03-16;QH 95;23:30 - 23:45;105.6;0.0
2026-03-16;QH 96;23:45 - 00:00;102.92;0.0
2026-03-17;QH 1;00:00 - 00:15;106.31;0.0
2026-03-17;QH 2;00:15 - 00:30;105.9;0.0
2026-03-17;QH 3;00:30 - 00:45;106.04;0.0
2026-03-17;QH 4;00:45 - 01:00;104.09;0.0
2026-03-17;QH 5;01:00 - 01:15;107.47;0.0
2026-03-17;QH 6;01:15 - 01:30;107.4;0.0
2026-03-17;QH 7;01:30 - 01:45;106.07;0.0
2026-03-17;QH 8;01:45 - 02:00;104.75;0.0
2026-03-17;QH 9;02:00 - 02:15;106.0;0.0
2026-03-17;QH 10;02:15 - 02:30;106.23;0.0
2026-03-17;QH 11;02:30 - 02:45;107.3;0.0
2026-03-17;QH 12;02:45 - 03:00;106.56;0.0
2026-03-17;QH 13;03:00 - 03:15;110.82;0.0
2026-03-17;QH 14;03:15 - 03:30;109.33;0.0
2026-03-17;QH 15;03:30 - 03:45;109.02;0.0
2026-03-17;QH 16;03:45 - 04:00;110.95;0.0
2026-03-17;QH 17;04:00 - 04:15;107.87;0.0
2026-03-17;QH 18;04:15 - 04:30;109.99;0.0
2026-03-17;QH 19;04:30 - 04:45;123.6;0.0
2026-03-17;QH 20;04:45 - 05:00;138.2;0.0
2026-03-17;QH 21;05:00 - 05:15;131.8;0.0
2026-03-17;QH 22;05:15 - 05:30;144.0;0.0
2026-03-17;QH 23;05:30 - 05:45;153.52;0.0
2026-03-17;QH 24;05:45 - 06:00;162.54;0.0
2026-03-17;QH 25;06:00 - 06:15;173.97;0.0
2026-03-17;QH 26;06:15 - 06:30;173.88;0.0
2026-03-17;QH 27;06:30 - 06:45;174.17;0.0
2026-03-17;QH 28;06:45 - 07:00;149.9;0.0
2026-03-17;QH 29;07:00 - 07:15;192.66;0.0
2026-03-17;QH 30;07:15 - 07:30;160.19;0.0
2026-03-17;QH 31;07:30 - 07:45;140.16;0.0
2026-03-17;QH 32;07:45 - 08:00;117.04;0.0
2026-03-17;QH 33;08:00 - 08:15;149.95;0.0
2026-03-17;QH 34;08:15 - 08:30;127.09;0.0
2026-03-17;QH 35;08:30 - 08:45;112.07;0.0
2026-03-17;QH 36;08:45 - 09:00;107.18;0.0
2026-03-17;QH 37;09:00 - 09:15;130.97;0.0
2026-03-17;QH 38;09:15 - 09:30;104.59;0.0
2026-03-17;QH 39;09:30 - 09:45;98.41;0.0
2026-03-17;QH 40;09:45 - 10:00;100.59;0.0
2026-03-17;QH 41;10:00 - 10:15;103.19;0.0
2026-03-17;QH 42;10:15 - 10:30;99.0;0.0
2026-03-17;QH 43;10:30 - 10:45;97.64;0.0
2026-03-17;QH 44;10:45 - 11:00;102.77;0.0
2026-03-17;QH 45;11:00 - 11:15;95.36;0.0
2026-03-17;QH 46;11:15 - 11:30;95.3;0.0
2026-03-17;QH 47;11:30 - 11:45;95.32;0.0
2026-03-17;QH 48;11:45 - 12:00;94.93;0.0
2026-03-17;QH 49;12:00 - 12:15;97.0;0.0
2026-03-17;QH 50;12:15 - 12:30;97.11;0.0
2026-03-17;QH 51;12:30 - 12:45;95.99;0.0
2026-03-17;QH 52;12:45 - 13:00;96.96;0.0
2026-03-17;QH 53;13:00 - 13:15;96.62;0.0
2026-03-17;QH 54;13:15 - 13:30;100.26;0.0
2026-03-17;QH 55;13:30 - 13:45;98.63;0.0
2026-03-17;QH 56;13:45 - 14:00;101.79;0.0
2026-03-17;QH 57;14:00 - 14:15;99.67;0.0
2026-03-17;QH 58;14:15 - 14:30;105.55;0.0
2026-03-17;QH 59;14:30 - 14:45;115.85;0.0
2026-03-17;QH 60;14:45 - 15:00;127.36;0.0
2026-03-17;QH 61;15:00 - 15:15;111.7;0.0
2026-03-17;QH 62;15:15 - 15:30;124.41;0.0
2026-03-17;QH 63;15:30 - 15:45;136.44;0.0
2026-03-17;QH 64;15:45 - 16:00;154.56;0.0
2026-03-17;QH 65;16:00 - 16:15;128.04;0.0
2026-03-17;QH 66;16:15 - 16:30;146.71;0.0
2026-03-17;QH 67;16:30 - 16:45;163.18;0.0
2026-03-17;QH 68;16:45 - 17:00;210.88;0.0
2026-03-17;QH 69;17:00 - 17:15;191.32;0.0
2026-03-17;QH 70;17:15 - 17:30;211.88;0.0
2026-03-17;QH 71;17:30 - 17:45;214.99;0.0
2026-03-17;QH 72;17:45 - 18:00;211.0;0.0
2026-03-17;QH 73;18:00 - 18:15;213.68;0.0
2026-03-17;QH 74;18:15 - 18:30;179.15;0.0
2026-03-17;QH 75;18:30 - 18:45;145.91;0.0
2026-03-17;QH 76;18:45 - 19:00;142.79;0.0
2026-03-17;QH 77;19:00 - 19:15;163.42;0.0
2026-03-17;QH 78;19:15 - 19:30;145.11;0.0
2026-03-17;QH 79;19:30 - 19:45;138.16;0.0
2026-03-17;QH 80;19:45 - 20:00;130.26;0.0
2026-03-17;QH 81;20:00 - 20:15;145.27;0.0
2026-03-17;QH 82;20:15 - 20:30;135.27;0.0
2026-03-17;QH 83;20:30 - 20:45;126.53;0.0
2026-03-17;QH 84;20:45 - 21:00;112.09;0.0
2026-03-17;QH 85;21:00 - 21:15;133.69;0.0
2026-03-17;QH 86;21:15 - 21:30;119.28;0.0
2026-03-17;QH 87;21:30 - 21:45;105.7;0.0
2026-03-17;QH 88;21:45 - 22:00;98.29;0.0
2026-03-17;QH 89;22:00 - 22:15;108.21;0.0
2026-03-17;QH 90;22:15 - 22:30;101.67;0.0
2026-03-17;QH 91;22:30 - 22:45;98.12;0.0
2026-03-17;QH 92;22:45 - 23:00;93.83;0.0
2026-03-17;QH 93;23:00 - 23:15;95.7;0.0
2026-03-17;QH 94;23:15 - 23:30;88.9;0.0
2026-03-17;QH 95;23:30 - 23:45;87.39;0.0
2026-03-17;QH 96;23:45 - 00:00;87.21;0.0
2026-03-18;QH 1;00:00 - 00:15;89.64;0.0
2026-03-18;QH 2;00:15 - 00:30;86.64;0.0
2026-03-18;QH 3;00:30 - 00:45;85.83;0.0
2026-03-18;QH 4;00:45 - 01:00;84.8;0.0
2026-03-18;QH 5;01:00 - 01:15;86.58;0.0
2026-03-18;QH 6;01:15 - 01:30;85.39;0.0
2026-03-18;QH 7;01:30 - 01:45;85.27;0.0
2026-03-18;QH 8;01:45 - 02:00;85.5;0.0
2026-03-18;QH 9;02:00 - 02:15;86.15;0.0
2026-03-18;QH 10;02:15 - 02:30;86.5;0.0
2026-03-18;QH 11;02:30 - 02:45;87.09;0.0
2026-03-18;QH 12;02:45 - 03:00;87.73;0.0
2026-03-18;QH 13;03:00 - 03:15;87.93;0.0
2026-03-18;QH 14;03:15 - 03:30;88.88;0.0
2026-03-18;QH 15;03:30 - 03:45;89.06;0.0
2026-03-18;QH 16;03:45 - 04:00;89.47;0.0
2026-03-18;QH 17;04:00 - 04:15;89.0;0.0
2026-03-18;QH 18;04:15 - 04:30;91.52;0.0
2026-03-18;QH 19;04:30 - 04:45;102.84;0.0
2026-03-18;QH 20;04:45 - 05:00;116.86;0.0
2026-03-18;QH 21;05:00 - 05:15;112.58;0.0
2026-03-18;QH 22;05:15 - 05:30;130.68;0.0
2026-03-18;QH 23;05:30 - 05:45;137.42;0.0
2026-03-18;QH 24;05:45 - 06:00;142.28;0.0
2026-03-18;QH 25;06:00 - 06:15;150.2;0.0
2026-03-18;QH 26;06:15 - 06:30;148.81;0.0
2026-03-18;QH 27;06:30 - 06:45;132.01;0.0
2026-03-18;QH 28;06:45 - 07:00;103.35;0.0
2026-03-18;QH 29;07:00 - 07:15;131.43;0.0
2026-03-18;QH 30;07:15 - 07:30;106.9;0.0
2026-03-18;QH 31;07:30 - 07:45;87.69;0.0
2026-03-18;QH 32;07:45 - 08:00;73.73;0.0
2026-03-18;QH 33;08:00 - 08:15;99.91;0.0
2026-03-18;QH 34;08:15 - 08:30;81.06;0.0
2026-03-18;QH 35;08:30 - 08:45;57.31;0.0
2026-03-18;QH 36;08:45 - 09:00;13.52;0.0
2026-03-18;QH 37;09:00 - 09:15;37.56;0.0
2026-03-18;QH 38;09:15 - 09:30;3.45;0.0
2026-03-18;QH 39;09:30 - 09:45;-0.01;0.0
2026-03-18;QH 40;09:45 - 10:00;-1.01;0.0
2026-03-18;QH 41;10:00 - 10:15;-0.06;0.0
2026-03-18;QH 42;10:15 - 10:30;-1.85;0.0
2026-03-18;QH 43;10:30 - 10:45;-2.21;0.0
2026-03-18;QH 44;10:45 - 11:00;-2.36;0.0
2026-03-18;QH 45;11:00 - 11:15;-2.08;0.0
2026-03-18;QH 46;11:15 - 11:30;-2.51;0.0
2026-03-18;QH 47;11:30 - 11:45;-2.32;0.0
2026-03-18;QH 48;11:45 - 12:00;-2.33;0.0
2026-03-18;QH 49;12:00 - 12:15;-3.32;0.0
2026-03-18;QH 50;12:15 - 12:30;-3.3;0.0
2026-03-18;QH 51;12:30 - 12:45;-3.11;0.0
2026-03-18;QH 52;12:45 - 13:00;-1.12;0.0
2026-03-18;QH 53;13:00 - 13:15;-1.01;0.0
2026-03-18;QH 54;13:15 - 13:30;-0.47;0.0
2026-03-18;QH 55;13:30 - 13:45;-0.01;0.0
2026-03-18;QH 56;13:45 - 14:00;2.38;0.0
2026-03-18;QH 57;14:00 - 14:15;3.32;0.0
2026-03-18;QH 58;14:15 - 14:30;13.98;0.0
2026-03-18;QH 59;14:30 - 14:45;71.27;0.0
2026-03-18;QH 60;14:45 - 15:00;100.21;0.0
2026-03-18;QH 61;15:00 - 15:15;65.39;0.0
2026-03-18;QH 62;15:15 - 15:30;93.91;0.0
2026-03-18;QH 63;15:30 - 15:45;124.98;0.0
2026-03-18;QH 64;15:45 - 16:00;143.85;0.0
2026-03-18;QH 65;16:00 - 16:15;101.5;0.0
2026-03-18;QH 66;16:15 - 16:30;135.89;0.0
2026-03-18;QH 67;16:30 - 16:45;159.28;0.0
2026-03-18;QH 68;16:45 - 17:00;184.18;0.0
2026-03-18;QH 69;17:00 - 17:15;163.03;0.0
2026-03-18;QH 70;17:15 - 17:30;176.81;0.0
2026-03-18;QH 71;17:30 - 17:45;185.72;0.0
2026-03-18;QH 72;17:45 - 18:00;184.93;0.0
2026-03-18;QH 73;18:00 - 18:15;192.59;0.0
2026-03-18;QH 74;18:15 - 18:30;180.55;0.0
2026-03-18;QH 75;18:30 - 18:45;165.4;0.0
2026-03-18;QH 76;18:45 - 19:00;142.25;0.0
2026-03-18;QH 77;19:00 - 19:15;164.64;0.0
2026-03-18;QH 78;19:15 - 19:30;152.01;0.0
2026-03-18;QH 79;19:30 - 19:45;141.73;0.0
2026-03-18;QH 80;19:45 - 20:00;135.58;0.0
2026-03-18;QH 81;20:00 - 20:15;144.97;0.0
2026-03-18;QH 82;20:15 - 20:30;138.95;0.0
2026-03-18;QH 83;20:30 - 20:45;128.12;0.0
2026-03-18;QH 84;20:45 - 21:00;116.19;0.0
2026-03-18;QH 85;21:00 - 21:15;136.99;0.0
2026-03-18;QH 86;21:15 - 21:30;126.01;0.0
2026-03-18;QH 87;21:30 - 21:45;118.13;0.0
2026-03-18;QH 88;21:45 - 22:00;113.97;0.0
2026-03-18;QH 89;22:00 - 22:15;123.2;0.0
2026-03-18;QH 90;22:15 - 22:30;112.63;0.0
2026-03-18;QH 91;22:30 - 22:45;111.5;0.0
2026-03-18;QH 92;22:45 - 23:00;106.17;0.0
2026-03-18;QH 93;23:00 - 23:15;113.04;0.0
2026-03-18;QH 94;23:15 - 23:30;108.77;0.0
2026-03-18;QH 95;23:30 - 23:45;108.2;0.0
2026-03-18;QH 96;23:45 - 00:00;106.99;0.0
2026-03-19;QH 1;00:00 - 00:15;112.76;0.0
2026-03-19;QH 2;00:15 - 00:30;111.73;0.0
2026-03-19;QH 3;00:30 - 00:45;112.85;0.0
2026-03-19;QH 4;00:45 - 01:00;113.22;0.0
2026-03-19;QH 5;01:00 - 01:15;113.66;0.0
2026-03-19;QH 6;01:15 - 01:30;112.79;0.0
2026-03-19;QH 7;01:30 - 01:45;113.93;0.0
2026-03-19;QH 8;01:45 - 02:00;115.59;0.0
2026-03-19;QH 9;02:00 - 02:15;110.05;0.0
2026-03-19;QH 10;02:15 - 02:30;112.73;0.0
2026-03-19;QH 11;02:30 - 02:45;117.97;0.0
2026-03-19;QH 12;02:45 - 03:00;121.35;0.0
2026-03-19;QH 13;03:00 - 03:15;120.2;0.0
2026-03-19;QH 14;03:15 - 03:30;121.82;0.0
2026-03-19;QH 15;03:30 - 03:45;123.98;0.0
2026-03-19;QH 16;03:45 - 04:00;127.1;0.0
2026-03-19;QH 17;04:00 - 04:15;122.34;0.0
2026-03-19;QH 18;04:15 - 04:30;128.14;0.0
2026-03-19;QH 19;04:30 - 04:45;132.29;0.0
2026-03-19;QH 20;04:45 - 05:00;148.35;0.0
2026-03-19;QH 21;05:00 - 05:15;134.52;0.0
2026-03-19;QH 22;05:15 - 05:30;157.9;0.0
2026-03-19;QH 23;05:30 - 05:45;170.86;0.0
2026-03-19;QH 24;05:45 - 06:00;177.23;0.0
2026-03-19;QH 25;06:00 - 06:15;191.6;0.0
2026-03-19;QH 26;06:15 - 06:30;175.51;0.0
2026-03-19;QH 27;06:30 - 06:45;150.21;0.0
2026-03-19;QH 28;06:45 - 07:00;115.65;0.0
2026-03-19;QH 29;07:00 - 07:15;179.47;0.0
2026-03-19;QH 30;07:15 - 07:30;151.35;0.0
2026-03-19;QH 31;07:30 - 07:45;120.19;0.0
2026-03-19;QH 32;07:45 - 08:00;103.4;0.0
2026-03-19;QH 33;08:00 - 08:15;121.98;0.0
2026-03-19;QH 34;08:15 - 08:30;100.87;0.0
2026-03-19;QH 35;08:30 - 08:45;84.16;0.0
2026-03-19;QH 36;08:45 - 09:00;56.6;0.0
2026-03-19;QH 37;09:00 - 09:15;99.0;0.0
2026-03-19;QH 38;09:15 - 09:30;60.76;0.0
2026-03-19;QH 39;09:30 - 09:45;40.05;0.0
2026-03-19;QH 40;09:45 - 10:00;21.39;0.0
2026-03-19;QH 41;10:00 - 10:15;20.63;0.0
2026-03-19;QH 42;10:15 - 10:30;9.61;0.0
2026-03-19;QH 43;10:30 - 10:45;1.22;0.0
2026-03-19;QH 44;10:45 - 11:00;0.02;0.0
2026-03-19;QH 45;11:00 - 11:15;0.01;0.0
2026-03-19;QH 46;11:15 - 11:30;0.0;0.0
2026-03-19;QH 47;11:30 - 11:45;-0.01;0.0
2026-03-19;QH 48;11:45 - 12:00;0.0;0.0
2026-03-19;QH 49;12:00 - 12:15;0.0;0.0
2026-03-19;QH 50;12:15 - 12:30;0.0;0.0
2026-03-19;QH 51;12:30 - 12:45;0.6;0.0
2026-03-19;QH 52;12:45 - 13:00;9.52;0.0
2026-03-19;QH 53;13:00 - 13:15;10.05;0.0
2026-03-19;QH 54;13:15 - 13:30;28.44;0.0
2026-03-19;QH 55;13:30 - 13:45;58.07;0.0
2026-03-19;QH 56;13:45 - 14:00;78.3;0.0
2026-03-19;QH 57;14:00 - 14:15;42.77;0.0
2026-03-19;QH 58;14:15 - 14:30;81.75;0.0
2026-03-19;QH 59;14:30 - 14:45;98.79;0.0
2026-03-19;QH 60;14:45 - 15:00;120.48;0.0
2026-03-19;QH 61;15:00 - 15:15;97.64;0.0
2026-03-19;QH 62;15:15 - 15:30;110.13;0.0
2026-03-19;QH 63;15:30 - 15:45;122.85;0.0
2026-03-19;QH 64;15:45 - 16:00;150.77;0.0
2026-03-19;QH 65;16:00 - 16:15;101.41;0.0
2026-03-19;QH 66;16:15 - 16:30;132.96;0.0
2026-03-19;QH 67;16:30 - 16:45;163.96;0.0
2026-03-19;QH 68;16:45 - 17:00;210.37;0.0
2026-03-19;QH 69;17:00 - 17:15;180.37;0.0
2026-03-19;QH 70;17:15 - 17:30;202.3;0.0
2026-03-19;QH 71;17:30 - 17:45;223.21;0.0
2026-03-19;QH 72;17:45 - 18:00;231.19;0.0
2026-03-19;QH 73;18:00 - 18:15;240.91;0.0
2026-03-19;QH 74;18:15 - 18:30;219.48;0.0
2026-03-19;QH 75;18:30 - 18:45;203.32;0.0
2026-03-19;QH 76;18:45 - 19:00;193.82;0.0
2026-03-19;QH 77;19:00 - 19:15;183.05;0.0
2026-03-19;QH 78;19:15 - 19:30;167.86;0.0
2026-03-19;QH 79;19:30 - 19:45;157.15;0.0
2026-03-19;QH 80;19:45 - 20:00;145.42;0.0
2026-03-19;QH 81;20:00 - 20:15;160.79;0.0
2026-03-19;QH 82;20:15 - 20:30;155.74;0.0
2026-03-19;QH 83;20:30 - 20:45;147.77;0.0
2026-03-19;QH 84;20:45 - 21:00;131.86;0.0
2026-03-19;QH 85;21:00 - 21:15;150.74;0.0
2026-03-19;QH 86;21:15 - 21:30;145.68;0.0
2026-03-19;QH 87;21:30 - 21:45;134.44;0.0
2026-03-19;QH 88;21:45 - 22:00;127.34;0.0
2026-03-19;QH 89;22:00 - 22:15;141.56;0.0
2026-03-19;QH 90;22:15 - 22:30;134.05;0.0
2026-03-19;QH 91;22:30 - 22:45;131.1;0.0
2026-03-19;QH 92;22:45 - 23:00;122.24;0.0
2026-03-19;QH 93;23:00 - 23:15;158.56;0.0
2026-03-19;QH 94;23:15 - 23:30;145.41;0.0
2026-03-19;QH 95;23:30 - 23:45;137.26;0.0
2026-03-19;QH 96;23:45 - 00:00;133.02;0.0
2026-03-20;QH 1;00:00 - 00:15;141.26;0.0
2026-03-20;QH 2;00:15 - 00:30;138.09;0.0
2026-03-20;QH 3;00:30 - 00:45;136.65;0.0
2026-03-20;QH 4;00:45 - 01:00;135.84;0.0
2026-03-20;QH 5;01:00 - 01:15;136.36;0.0
2026-03-20;QH 6;01:15 - 01:30;134.98;0.0
2026-03-20;QH 7;01:30 - 01:45;135.62;0.0
2026-03-20;QH 8;01:45 - 02:00;135.61;0.0
2026-03-20;QH 9;02:00 - 02:15;135.93;0.0
2026-03-20;QH 10;02:15 - 02:30;135.23;0.0
2026-03-20;QH 11;02:30 - 02:45;138.86;0.0
2026-03-20;QH 12;02:45 - 03:00;139.88;0.0
2026-03-20;QH 13;03:00 - 03:15;131.13;0.0
2026-03-20;QH 14;03:15 - 03:30;135.76;0.0
2026-03-20;QH 15;03:30 - 03:45;138.99;0.0
2026-03-20;QH 16;03:45 - 04:00;149.74;0.0
2026-03-20;QH 17;04:00 - 04:15;136.6;0.0
2026-03-20;QH 18;04:15 - 04:30;145.37;0.0
2026-03-20;QH 19;04:30 - 04:45;164.68;0.0
2026-03-20;QH 20;04:45 - 05:00;171.71;0.0
2026-03-20;QH 21;05:00 - 05:15;164.17;0.0
2026-03-20;QH 22;05:15 - 05:30;192.76;0.0
2026-03-20;QH 23;05:30 - 05:45;203.3;0.0
2026-03-20;QH 24;05:45 - 06:00;208.95;0.0
2026-03-20;QH 25;06:00 - 06:15;233.75;0.0
2026-03-20;QH 26;06:15 - 06:30;209.73;0.0
2026-03-20;QH 27;06:30 - 06:45;190.65;0.0
2026-03-20;QH 28;06:45 - 07:00;156.44;0.0
2026-03-20;QH 29;07:00 - 07:15;208.14;0.0
2026-03-20;QH 30;07:15 - 07:30;169.05;0.0
2026-03-20;QH 31;07:30 - 07:45;152.02;0.0
2026-03-20;QH 32;07:45 - 08:00;116.0;0.0
2026-03-20;QH 33;08:00 - 08:15;169.34;0.0
2026-03-20;QH 34;08:15 - 08:30;144.39;0.0
2026-03-20;QH 35;08:30 - 08:45;106.3;0.0
2026-03-20;QH 36;08:45 - 09:00;108.0;0.0
2026-03-20;QH 37;09:00 - 09:15;121.04;0.0
2026-03-20;QH 38;09:15 - 09:30;108.0;0.0
2026-03-20;QH 39;09:30 - 09:45;90.81;0.0
2026-03-20;QH 40;09:45 - 10:00;84.49;0.0
2026-03-20;QH 41;10:00 - 10:15;95.52;0.0
2026-03-20;QH 42;10:15 - 10:30;85.13;0.0
2026-03-20;QH 43;10:30 - 10:45;70.68;0.0
2026-03-20;QH 44;10:45 - 11:00;62.56;0.0
2026-03-20;QH 45;11:00 - 11:15;71.29;0.0
2026-03-20;QH 46;11:15 - 11:30;66.52;0.0
2026-03-20;QH 47;11:30 - 11:45;65.52;0.0
2026-03-20;QH 48;11:45 - 12:00;59.11;0.0
2026-03-20;QH 49;12:00 - 12:15;56.25;0.0
2026-03-20;QH 50;12:15 - 12:30;60.0;0.0
2026-03-20;QH 51;12:30 - 12:45;69.17;0.0
2026-03-20;QH 52;12:45 - 13:00;77.02;0.0
2026-03-20;QH 53;13:00 - 13:15;59.86;0.0
2026-03-20;QH 54;13:15 - 13:30;81.14;0.0
2026-03-20;QH 55;13:30 - 13:45;95.57;0.0
2026-03-20;QH 56;13:45 - 14:00;113.03;0.0
2026-03-20;QH 57;14:00 - 14:15;100.15;0.0
2026-03-20;QH 58;14:15 - 14:30;115.0;0.0
2026-03-20;QH 59;14:30 - 14:45;118.82;0.0
2026-03-20;QH 60;14:45 - 15:00;134.65;0.0
2026-03-20;QH 61;15:00 - 15:15;104.3;0.0
2026-03-20;QH 62;15:15 - 15:30;138.99;0.0
2026-03-20;QH 63;15:30 - 15:45;156.7;0.0
2026-03-20;QH 64;15:45 - 16:00;178.71;0.0
2026-03-20;QH 65;16:00 - 16:15;140.48;0.0
2026-03-20;QH 66;16:15 - 16:30;161.61;0.0
2026-03-20;QH 67;16:30 - 16:45;178.31;0.0
2026-03-20;QH 68;16:45 - 17:00;218.87;0.0
2026-03-20;QH 69;17:00 - 17:15;176.65;0.0
2026-03-20;QH 70;17:15 - 17:30;217.13;0.0
2026-03-20;QH 71;17:30 - 17:45;227.12;0.0
2026-03-20;QH 72;17:45 - 18:00;223.12;0.0
2026-03-20;QH 73;18:00 - 18:15;237.87;0.0
2026-03-20;QH 74;18:15 - 18:30;218.01;0.0
2026-03-20;QH 75;18:30 - 18:45;205.44;0.0
2026-03-20;QH 76;18:45 - 19:00;187.92;0.0
2026-03-20;QH 77;19:00 - 19:15;200.77;0.0
2026-03-20;QH 78;19:15 - 19:30;182.99;0.0
2026-03-20;QH 79;19:30 - 19:45;173.31;0.0
2026-03-20;QH 80;19:45 - 20:00;163.07;0.0
2026-03-20;QH 81;20:00 - 20:15;174.69;0.0
2026-03-20;QH 82;20:15 - 20:30;170.7;0.0
2026-03-20;QH 83;20:30 - 20:45;157.81;0.0
2026-03-20;QH 84;20:45 - 21:00;149.0;0.0
2026-03-20;QH 85;21:00 - 21:15;163.47;0.0
2026-03-20;QH 86;21:15 - 21:30;164.09;0.0
2026-03-20;QH 87;21:30 - 21:45;143.72;0.0
2026-03-20;QH 88;21:45 - 22:00;136.13;0.0
2026-03-20;QH 89;22:00 - 22:15;162.0;0.0
2026-03-20;QH 90;22:15 - 22:30;154.86;0.0
2026-03-20;QH 91;22:30 - 22:45;140.42;0.0
2026-03-20;QH 92;22:45 - 23:00;135.22;0.0
2026-03-20;QH 93;23:00 - 23:15;151.25;0.0
2026-03-20;QH 94;23:15 - 23:30;147.36;0.0
2026-03-20;QH 95;23:30 - 23:45;139.03;0.0
2026-03-20;QH 96;23:45 - 00:00;131.95;0.0
2026-03-21;QH 1;00:00 - 00:15;148.63;0.0
2026-03-21;QH 2;00:15 - 00:30;138.88;0.0
2026-03-21;QH 3;00:30 - 00:45;133.75;0.0
2026-03-21;QH 4;00:45 - 01:00;132.11;0.0
2026-03-21;QH 5;01:00 - 01:15;142.77;0.0
2026-03-21;QH 6;01:15 - 01:30;135.49;0.0
2026-03-21;QH 7;01:30 - 01:45;132.62;0.0
2026-03-21;QH 8;01:45 - 02:00;133.46;0.0
2026-03-21;QH 9;02:00 - 02:15;132.02;0.0
2026-03-21;QH 10;02:15 - 02:30;132.04;0.0
2026-03-21;QH 11;02:30 - 02:45;132.28;0.0
2026-03-21;QH 12;02:45 - 03:00;131.89;0.0
2026-03-21;QH 13;03:00 - 03:15;131.34;0.0
2026-03-21;QH 14;03:15 - 03:30;130.59;0.0
2026-03-21;QH 15;03:30 - 03:45;131.41;0.0
2026-03-21;QH 16;03:45 - 04:00;131.43;0.0
2026-03-21;QH 17;04:00 - 04:15;135.63;0.0
2026-03-21;QH 18;04:15 - 04:30;135.67;0.0
2026-03-21;QH 19;04:30 - 04:45;138.45;0.0
2026-03-21;QH 20;04:45 - 05:00;140.91;0.0
2026-03-21;QH 21;05:00 - 05:15;140.7;0.0
2026-03-21;QH 22;05:15 - 05:30;145.47;0.0
2026-03-21;QH 23;05:30 - 05:45;141.63;0.0
2026-03-21;QH 24;05:45 - 06:00;141.56;0.0
2026-03-21;QH 25;06:00 - 06:15;151.04;0.0
2026-03-21;QH 26;06:15 - 06:30;147.99;0.0
2026-03-21;QH 27;06:30 - 06:45;138.67;0.0
2026-03-21;QH 28;06:45 - 07:00;120.95;0.0
2026-03-21;QH 29;07:00 - 07:15;143.31;0.0
2026-03-21;QH 30;07:15 - 07:30;138.04;0.0
2026-03-21;QH 31;07:30 - 07:45;120.7;0.0
2026-03-21;QH 32;07:45 - 08:00;107.01;0.0
2026-03-21;QH 33;08:00 - 08:15;109.8;0.0
2026-03-21;QH 34;08:15 - 08:30;104.0;0.0
2026-03-21;QH 35;08:30 - 08:45;96.38;0.0
2026-03-21;QH 36;08:45 - 09:00;92.13;0.0
2026-03-21;QH 37;09:00 - 09:15;100.01;0.0
2026-03-21;QH 38;09:15 - 09:30;80.74;0.0
2026-03-21;QH 39;09:30 - 09:45;68.16;0.0
2026-03-21;QH 40;09:45 - 10:00;56.98;0.0
2026-03-21;QH 41;10:00 - 10:15;62.63;0.0
2026-03-21;QH 42;10:15 - 10:30;46.78;0.0
2026-03-21;QH 43;10:30 - 10:45;40.41;0.0
2026-03-21;QH 44;10:45 - 11:00;33.78;0.0
2026-03-21;QH 45;11:00 - 11:15;32.87;0.0
2026-03-21;QH 46;11:15 - 11:30;21.08;0.0
2026-03-21;QH 47;11:30 - 11:45;20.01;0.0
2026-03-21;QH 48;11:45 - 12:00;20.0;0.0
2026-03-21;QH 49;12:00 - 12:15;20.41;0.0
2026-03-21;QH 50;12:15 - 12:30;21.91;0.0
2026-03-21;QH 51;12:30 - 12:45;24.76;0.0
2026-03-21;QH 52;12:45 - 13:00;30.0;0.0
2026-03-21;QH 53;13:00 - 13:15;42.74;0.0
2026-03-21;QH 54;13:15 - 13:30;62.0;0.0
2026-03-21;QH 55;13:30 - 13:45;68.26;0.0
2026-03-21;QH 56;13:45 - 14:00;78.71;0.0
2026-03-21;QH 57;14:00 - 14:15;76.7;0.0
2026-03-21;QH 58;14:15 - 14:30;89.04;0.0
2026-03-21;QH 59;14:30 - 14:45;90.49;0.0
2026-03-21;QH 60;14:45 - 15:00;103.77;0.0
2026-03-21;QH 61;15:00 - 15:15;96.26;0.0
2026-03-21;QH 62;15:15 - 15:30;104.19;0.0
2026-03-21;QH 63;15:30 - 15:45;123.53;0.0
2026-03-21;QH 64;15:45 - 16:00;138.68;0.0
2026-03-21;QH 65;16:00 - 16:15;122.76;0.0
2026-03-21;QH 66;16:15 - 16:30;141.09;0.0
2026-03-21;QH 67;16:30 - 16:45;156.49;0.0
2026-03-21;QH 68;16:45 - 17:00;163.76;0.0
2026-03-21;QH 69;17:00 - 17:15;161.48;0.0
2026-03-21;QH 70;17:15 - 17:30;174.38;0.0
2026-03-21;QH 71;17:30 - 17:45;177.45;0.0
2026-03-21;QH 72;17:45 - 18:00;173.16;0.0
2026-03-21;QH 73;18:00 - 18:15;189.71;0.0
2026-03-21;QH 74;18:15 - 18:30;168.19;0.0
2026-03-21;QH 75;18:30 - 18:45;153.55;0.0
2026-03-21;QH 76;18:45 - 19:00;140.97;0.0
2026-03-21;QH 77;19:00 - 19:15;156.73;0.0
2026-03-21;QH 78;19:15 - 19:30;146.0;0.0
2026-03-21;QH 79;19:30 - 19:45;135.1;0.0
2026-03-21;QH 80;19:45 - 20:00;129.48;0.0
2026-03-21;QH 81;20:00 - 20:15;131.03;0.0
2026-03-21;QH 82;20:15 - 20:30;129.57;0.0
2026-03-21;QH 83;20:30 - 20:45;125.62;0.0
2026-03-21;QH 84;20:45 - 21:00;121.28;0.0
2026-03-21;QH 85;21:00 - 21:15;127.93;0.0
2026-03-21;QH 86;21:15 - 21:30;127.49;0.0
2026-03-21;QH 87;21:30 - 21:45;117.1;0.0
2026-03-21;QH 88;21:45 - 22:00;108.45;0.0
2026-03-21;QH 89;22:00 - 22:15;121.19;0.0
2026-03-21;QH 90;22:15 - 22:30;110.34;0.0
2026-03-21;QH 91;22:30 - 22:45;103.66;0.0
2026-03-21;QH 92;22:45 - 23:00;96.81;0.0
2026-03-21;QH 93;23:00 - 23:15;104.54;0.0
2026-03-21;QH 94;23:15 - 23:30;101.8;0.0
2026-03-21;QH 95;23:30 - 23:45;99.81;0.0
2026-03-21;QH 96;23:45 - 00:00;95.5;0.0
2026-03-22;QH 1;00:00 - 00:15;98.56;0.0
2026-03-22;QH 2;00:15 - 00:30;96.75;0.0
2026-03-22;QH 3;00:30 - 00:45;94.93;0.0
2026-03-22;QH 4;00:45 - 01:00;92.78;0.0
2026-03-22;QH 5;01:00 - 01:15;95.59;0.0
2026-03-22;QH 6;01:15 - 01:30;94.2;0.0
2026-03-22;QH 7;01:30 - 01:45;93.98;0.0
2026-03-22;QH 8;01:45 - 02:00;93.04;0.0
2026-03-22;QH 9;02:00 - 02:15;95.67;0.0
2026-03-22;QH 10;02:15 - 02:30;94.69;0.0
2026-03-22;QH 11;02:30 - 02:45;95.19;0.0
2026-03-22;QH 12;02:45 - 03:00;95.49;0.0
2026-03-22;QH 13;03:00 - 03:15;97.51;0.0
2026-03-22;QH 14;03:15 - 03:30;97.75;0.0
2026-03-22;QH 15;03:30 - 03:45;99.05;0.0
2026-03-22;QH 16;03:45 - 04:00;100.08;0.0
2026-03-22;QH 17;04:00 - 04:15;100.21;0.0
2026-03-22;QH 18;04:15 - 04:30;101.87;0.0
2026-03-22;QH 19;04:30 - 04:45;102.88;0.0
2026-03-22;QH 20;04:45 - 05:00;101.69;0.0
2026-03-22;QH 21;05:00 - 05:15;102.8;0.0
2026-03-22;QH 22;05:15 - 05:30;103.81;0.0
2026-03-22;QH 23;05:30 - 05:45;102.18;0.0
2026-03-22;QH 24;05:45 - 06:00;91.63;0.0
2026-03-22;QH 25;06:00 - 06:15;117.51;0.0
2026-03-22;QH 26;06:15 - 06:30;92.91;0.0
2026-03-22;QH 27;06:30 - 06:45;78.63;0.0
2026-03-22;QH 28;06:45 - 07:00;49.79;0.0
2026-03-22;QH 29;07:00 - 07:15;80.75;0.0
2026-03-22;QH 30;07:15 - 07:30;46.2;0.0
2026-03-22;QH 31;07:30 - 07:45;26.37;0.0
2026-03-22;QH 32;07:45 - 08:00;12.0;0.0
2026-03-22;QH 33;08:00 - 08:15;19.9;0.0
2026-03-22;QH 34;08:15 - 08:30;6.86;0.0
2026-03-22;QH 35;08:30 - 08:45;0.43;0.0
2026-03-22;QH 36;08:45 - 09:00;-0.1;0.0
2026-03-22;QH 37;09:00 - 09:15;0.0;0.0
2026-03-22;QH 38;09:15 - 09:30;-0.01;0.0
2026-03-22;QH 39;09:30 - 09:45;-0.62;0.0
2026-03-22;QH 40;09:45 - 10:00;-1.09;0.0
2026-03-22;QH 41;10:00 - 10:15;-2.46;0.0
2026-03-22;QH 42;10:15 - 10:30;-3.46;0.0
2026-03-22;QH 43;10:30 - 10:45;-4.9;0.0
2026-03-22;QH 44;10:45 - 11:00;-6.63;0.0
2026-03-22;QH 45;11:00 - 11:15;-9.97;0.0
2026-03-22;QH 46;11:15 - 11:30;-11.39;0.0
2026-03-22;QH 47;11:30 - 11:45;-12.37;0.0
2026-03-22;QH 48;11:45 - 12:00;-13.31;0.0
2026-03-22;QH 49;12:00 - 12:15;-12.68;0.0
2026-03-22;QH 50;12:15 - 12:30;-11.34;0.0
2026-03-22;QH 51;12:30 - 12:45;-9.91;0.0
2026-03-22;QH 52;12:45 - 13:00;-7.31;0.0
2026-03-22;QH 53;13:00 - 13:15;-3.38;0.0
2026-03-22;QH 54;13:15 - 13:30;-2.48;0.0
2026-03-22;QH 55;13:30 - 13:45;-1.9;0.0
2026-03-22;QH 56;13:45 - 14:00;-0.95;0.0
2026-03-22;QH 57;14:00 - 14:15;-0.26;0.0
2026-03-22;QH 58;14:15 - 14:30;0.0;0.0
2026-03-22;QH 59;14:30 - 14:45;11.66;0.0
2026-03-22;QH 60;14:45 - 15:00;33.6;0.0
2026-03-22;QH 61;15:00 - 15:15;32.76;0.0
2026-03-22;QH 62;15:15 - 15:30;79.85;0.0
2026-03-22;QH 63;15:30 - 15:45;108.0;0.0
2026-03-22;QH 64;15:45 - 16:00;152.0;0.0
2026-03-22;QH 65;16:00 - 16:15;98.63;0.0
2026-03-22;QH 66;16:15 - 16:30;141.8;0.0
2026-03-22;QH 67;16:30 - 16:45;159.08;0.0
2026-03-22;QH 68;16:45 - 17:00;183.03;0.0
2026-03-22;QH 69;17:00 - 17:15;161.04;0.0
2026-03-22;QH 70;17:15 - 17:30;174.26;0.0
2026-03-22;QH 71;17:30 - 17:45;176.0;0.0
2026-03-22;QH 72;17:45 - 18:00;185.46;0.0
2026-03-22;QH 73;18:00 - 18:15;184.46;0.0
2026-03-22;QH 74;18:15 - 18:30;181.7;0.0
2026-03-22;QH 75;18:30 - 18:45;168.61;0.0
2026-03-22;QH 76;18:45 - 19:00;158.76;0.0
2026-03-22;QH 77;19:00 - 19:15;184.13;0.0
2026-03-22;QH 78;19:15 - 19:30;167.14;0.0
2026-03-22;QH 79;19:30 - 19:45;159.59;0.0
2026-03-22;QH 80;19:45 - 20:00;148.07;0.0
2026-03-22;QH 81;20:00 - 20:15;165.21;0.0
2026-03-22;QH 82;20:15 - 20:30;158.25;0.0
2026-03-22;QH 83;20:30 - 20:45;150.05;0.0
2026-03-22;QH 84;20:45 - 21:00;148.0;0.0
2026-03-22;QH 85;21:00 - 21:15;157.37;0.0
2026-03-22;QH 86;21:15 - 21:30;149.99;0.0
2026-03-22;QH 87;21:30 - 21:45;141.68;0.0
2026-03-22;QH 88;21:45 - 22:00;138.15;0.0
2026-03-22;QH 89;22:00 - 22:15;157.79;0.0
2026-03-22;QH 90;22:15 - 22:30;147.62;0.0
2026-03-22;QH 91;22:30 - 22:45;136.83;0.0
2026-03-22;QH 92;22:45 - 23:00;131.78;0.0
2026-03-22;QH 93;23:00 - 23:15;136.18;0.0
2026-03-22;QH 94;23:15 - 23:30;133.06;0.0
2026-03-22;QH 95;23:30 - 23:45;128.55;0.0
2026-03-22;QH 96;23:45 - 00:00;126.76;0.0
2026-03-23;QH 1;00:00 - 00:15;128.59;0.0
2026-03-23;QH 2;00:15 - 00:30;127.75;0.0
2026-03-23;QH 3;00:30 - 00:45;124.93;0.0
2026-03-23;QH 4;00:45 - 01:00;122.33;0.0
2026-03-23;QH 5;01:00 - 01:15;127.33;0.0
2026-03-23;QH 6;01:15 - 01:30;124.4;0.0
2026-03-23;QH 7;01:30 - 01:45;124.21;0.0
2026-03-23;QH 8;01:45 - 02:00;124.7;0.0
2026-03-23;QH 9;02:00 - 02:15;129.06;0.0
2026-03-23;QH 10;02:15 - 02:30;126.31;0.0
2026-03-23;QH 11;02:30 - 02:45;127.51;0.0
2026-03-23;QH 12;02:45 - 03:00;131.47;0.0
2026-03-23;QH 13;03:00 - 03:15;130.88;0.0
2026-03-23;QH 14;03:15 - 03:30;136.82;0.0
2026-03-23;QH 15;03:30 - 03:45;141.47;0.0
2026-03-23;QH 16;03:45 - 04:00;143.9;0.0
2026-03-23;QH 17;04:00 - 04:15;140.08;0.0
2026-03-23;QH 18;04:15 - 04:30;148.26;0.0
2026-03-23;QH 19;04:30 - 04:45;164.06;0.0
2026-03-23;QH 20;04:45 - 05:00;170.48;0.0
2026-03-23;QH 21;05:00 - 05:15;161.88;0.0
2026-03-23;QH 22;05:15 - 05:30;181.86;0.0
2026-03-23;QH 23;05:30 - 05:45;193.41;0.0
2026-03-23;QH 24;05:45 - 06:00;192.01;0.0
2026-03-23;QH 25;06:00 - 06:15;230.64;0.0
2026-03-23;QH 26;06:15 - 06:30;190.09;0.0
2026-03-23;QH 27;06:30 - 06:45;181.57;0.0
2026-03-23;QH 28;06:45 - 07:00;142.44;0.0
2026-03-23;QH 29;07:00 - 07:15;199.99;0.0
2026-03-23;QH 30;07:15 - 07:30;159.77;0.0
2026-03-23;QH 31;07:30 - 07:45;129.03;0.0
2026-03-23;QH 32;07:45 - 08:00;101.63;0.0
2026-03-23;QH 33;08:00 - 08:15;135.21;0.0
2026-03-23;QH 34;08:15 - 08:30;104.91;0.0
2026-03-23;QH 35;08:30 - 08:45;109.55;0.0
2026-03-23;QH 36;08:45 - 09:00;82.33;0.0
2026-03-23;QH 37;09:00 - 09:15;107.37;0.0
2026-03-23;QH 38;09:15 - 09:30;85.3;0.0
2026-03-23;QH 39;09:30 - 09:45;76.58;0.0
2026-03-23;QH 40;09:45 - 10:00;56.48;0.0
2026-03-23;QH 41;10:00 - 10:15;67.13;0.0
2026-03-23;QH 42;10:15 - 10:30;50.55;0.0
2026-03-23;QH 43;10:30 - 10:45;38.56;0.0
2026-03-23;QH 44;10:45 - 11:00;36.09;0.0
2026-03-23;QH 45;11:00 - 11:15;37.61;0.0
2026-03-23;QH 46;11:15 - 11:30;44.32;0.0
2026-03-23;QH 47;11:30 - 11:45;51.37;0.0
2026-03-23;QH 48;11:45 - 12:00;63.72;0.0
2026-03-23;QH 49;12:00 - 12:15;56.68;0.0
2026-03-23;QH 50;12:15 - 12:30;68.8;0.0
2026-03-23;QH 51;12:30 - 12:45;83.18;0.0
2026-03-23;QH 52;12:45 - 13:00;90.84;0.0
2026-03-23;QH 53;13:00 - 13:15;82.5;0.0
2026-03-23;QH 54;13:15 - 13:30;90.46;0.0
2026-03-23;QH 55;13:30 - 13:45;99.74;0.0
2026-03-23;QH 56;13:45 - 14:00;107.22;0.0
2026-03-23;QH 57;14:00 - 14:15;93.1;0.0
2026-03-23;QH 58;14:15 - 14:30;107.16;0.0
2026-03-23;QH 59;14:30 - 14:45;118.55;0.0
2026-03-23;QH 60;14:45 - 15:00;139.0;0.0
2026-03-23;QH 61;15:00 - 15:15;102.21;0.0
2026-03-23;QH 62;15:15 - 15:30;132.0;0.0
2026-03-23;QH 63;15:30 - 15:45;149.31;0.0
2026-03-23;QH 64;15:45 - 16:00;170.65;0.0
2026-03-23;QH 65;16:00 - 16:15;132.0;0.0
2026-03-23;QH 66;16:15 - 16:30;168.68;0.0
2026-03-23;QH 67;16:30 - 16:45;195.8;0.0
2026-03-23;QH 68;16:45 - 17:00;266.62;0.0
2026-03-23;QH 69;17:00 - 17:15;195.99;0.0
2026-03-23;QH 70;17:15 - 17:30;260.66;0.0
2026-03-23;QH 71;17:30 - 17:45;285.19;0.0
2026-03-23;QH 72;17:45 - 18:00;310.2;0.0
2026-03-23;QH 73;18:00 - 18:15;267.95;0.0
2026-03-23;QH 74;18:15 - 18:30;244.97;0.0
2026-03-23;QH 75;18:30 - 18:45;235.92;0.0
2026-03-23;QH 76;18:45 - 19:00;217.4;0.0
2026-03-23;QH 77;19:00 - 19:15;246.6;0.0
2026-03-23;QH 78;19:15 - 19:30;216.74;0.0
2026-03-23;QH 79;19:30 - 19:45;187.91;0.0
2026-03-23;QH 80;19:45 - 20:00;175.1;0.0
2026-03-23;QH 81;20:00 - 20:15;219.55;0.0
2026-03-23;QH 82;20:15 - 20:30;182.48;0.0
2026-03-23;QH 83;20:30 - 20:45;158.96;0.0
2026-03-23;QH 84;20:45 - 21:00;148.29;0.0
2026-03-23;QH 85;21:00 - 21:15;169.0;0.0
2026-03-23;QH 86;21:15 - 21:30;154.24;0.0
2026-03-23;QH 87;21:30 - 21:45;151.99;0.0
2026-03-23;QH 88;21:45 - 22:00;147.73;0.0
2026-03-23;QH 89;22:00 - 22:15;152.95;0.0
2026-03-23;QH 90;22:15 - 22:30;144.17;0.0
2026-03-23;QH 91;22:30 - 22:45;138.15;0.0
2026-03-23;QH 92;22:45 - 23:00;126.53;0.0
2026-03-23;QH 93;23:00 - 23:15;149.0;0.0
2026-03-23;QH 94;23:15 - 23:30;145.68;0.0
2026-03-23;QH 95;23:30 - 23:45;136.56;0.0
2026-03-23;QH 96;23:45 - 00:00;133.01;0.0
2026-03-24;QH 1;00:00 - 00:15;139.06;0.0
2026-03-24;QH 2;00:15 - 00:30;130.12;0.0
2026-03-24;QH 3;00:30 - 00:45;116.53;0.0
2026-03-24;QH 4;00:45 - 01:00;111.56;0.0
2026-03-24;QH 5;01:00 - 01:15;119.26;0.0
2026-03-24;QH 6;01:15 - 01:30;111.57;0.0
2026-03-24;QH 7;01:30 - 01:45;106.22;0.0
2026-03-24;QH 8;01:45 - 02:00;102.94;0.0
2026-03-24;QH 9;02:00 - 02:15;107.08;0.0
2026-03-24;QH 10;02:15 - 02:30;101.54;0.0
2026-03-24;QH 11;02:30 - 02:45;99.36;0.0
2026-03-24;QH 12;02:45 - 03:00;98.58;0.0
2026-03-24;QH 13;03:00 - 03:15;100.46;0.0
2026-03-24;QH 14;03:15 - 03:30;99.17;0.0
2026-03-24;QH 15;03:30 - 03:45;101.56;0.0
2026-03-24;QH 16;03:45 - 04:00;100.31;0.0
2026-03-24;QH 17;04:00 - 04:15;98.22;0.0
2026-03-24;QH 18;04:15 - 04:30;97.0;0.0
2026-03-24;QH 19;04:30 - 04:45;99.03;0.0
2026-03-24;QH 20;04:45 - 05:00;109.64;0.0
2026-03-24;QH 21;05:00 - 05:15;107.08;0.0
2026-03-24;QH 22;05:15 - 05:30;111.3;0.0
2026-03-24;QH 23;05:30 - 05:45;113.57;0.0
2026-03-24;QH 24;05:45 - 06:00;111.32;0.0
2026-03-24;QH 25;06:00 - 06:15;134.1;0.0
2026-03-24;QH 26;06:15 - 06:30;120.44;0.0
2026-03-24;QH 27;06:30 - 06:45;106.58;0.0
2026-03-24;QH 28;06:45 - 07:00;91.07;0.0
2026-03-24;QH 29;07:00 - 07:15;132.08;0.0
2026-03-24;QH 30;07:15 - 07:30;103.46;0.0
2026-03-24;QH 31;07:30 - 07:45;89.9;0.0
2026-03-24;QH 32;07:45 - 08:00;64.39;0.0
2026-03-24;QH 33;08:00 - 08:15;99.55;0.0
2026-03-24;QH 34;08:15 - 08:30;80.22;0.0
2026-03-24;QH 35;08:30 - 08:45;64.72;0.0
2026-03-24;QH 36;08:45 - 09:00;39.13;0.0
2026-03-24;QH 37;09:00 - 09:15;57.64;0.0
2026-03-24;QH 38;09:15 - 09:30;23.32;0.0
2026-03-24;QH 39;09:30 - 09:45;10.04;0.0
2026-03-24;QH 40;09:45 - 10:00;3.91;0.0
2026-03-24;QH 41;10:00 - 10:15;4.5;0.0
2026-03-24;QH 42;10:15 - 10:30;0.3;0.0
2026-03-24;QH 43;10:30 - 10:45;-0.01;0.0
2026-03-24;QH 44;10:45 - 11:00;-0.01;0.0
2026-03-24;QH 45;11:00 - 11:15;0.0;0.0
2026-03-24;QH 46;11:15 - 11:30;-0.01;0.0
2026-03-24;QH 47;11:30 - 11:45;-0.01;0.0
2026-03-24;QH 48;11:45 - 12:00;-0.02;0.0
2026-03-24;QH 49;12:00 - 12:15;-0.04;0.0
2026-03-24;QH 50;12:15 - 12:30;-0.02;0.0
2026-03-24;QH 51;12:30 - 12:45;-0.01;0.0
2026-03-24;QH 52;12:45 - 13:00;-0.01;0.0
2026-03-24;QH 53;13:00 - 13:15;-0.02;0.0
2026-03-24;QH 54;13:15 - 13:30;-0.01;0.0
2026-03-24;QH 55;13:30 - 13:45;0.0;0.0
2026-03-24;QH 56;13:45 - 14:00;0.02;0.0
2026-03-24;QH 57;14:00 - 14:15;1.04;0.0
2026-03-24;QH 58;14:15 - 14:30;7.77;0.0
2026-03-24;QH 59;14:30 - 14:45;14.97;0.0
2026-03-24;QH 60;14:45 - 15:00;56.21;0.0
2026-03-24;QH 61;15:00 - 15:15;33.93;0.0
2026-03-24;QH 62;15:15 - 15:30;66.79;0.0
2026-03-24;QH 63;15:30 - 15:45;101.01;0.0
2026-03-24;QH 64;15:45 - 16:00;108.0;0.0
2026-03-24;QH 65;16:00 - 16:15;91.31;0.0
2026-03-24;QH 66;16:15 - 16:30;101.01;0.0
2026-03-24;QH 67;16:30 - 16:45;118.7;0.0
2026-03-24;QH 68;16:45 - 17:00;140.34;0.0
2026-03-24;QH 69;17:00 - 17:15;130.0;0.0
2026-03-24;QH 70;17:15 - 17:30;141.0;0.0
2026-03-24;QH 71;17:30 - 17:45;131.36;0.0
2026-03-24;QH 72;17:45 - 18:00;141.01;0.0
2026-03-24;QH 73;18:00 - 18:15;147.99;0.0
2026-03-24;QH 74;18:15 - 18:30;131.68;0.0
2026-03-24;QH 75;18:30 - 18:45;139.6;0.0
2026-03-24;QH 76;18:45 - 19:00;132.7;0.0
2026-03-24;QH 77;19:00 - 19:15;129.08;0.0
2026-03-24;QH 78;19:15 - 19:30;106.47;0.0
2026-03-24;QH 79;19:30 - 19:45;90.82;0.0
2026-03-24;QH 80;19:45 - 20:00;78.03;0.0
2026-03-24;QH 81;20:00 - 20:15;91.98;0.0
2026-03-24;QH 82;20:15 - 20:30;86.04;0.0
2026-03-24;QH 83;20:30 - 20:45;68.61;0.0
2026-03-24;QH 84;20:45 - 21:00;51.36;0.0
2026-03-24;QH 85;21:00 - 21:15;86.66;0.0
2026-03-24;QH 86;21:15 - 21:30;78.15;0.0
2026-03-24;QH 87;21:30 - 21:45;64.34;0.0
2026-03-24;QH 88;21:45 - 22:00;35.26;0.0
2026-03-24;QH 89;22:00 - 22:15;45.54;0.0
2026-03-24;QH 90;22:15 - 22:30;17.51;0.0
2026-03-24;QH 91;22:30 - 22:45;16.59;0.0
2026-03-24;QH 92;22:45 - 23:00;8.75;0.0
